﻿Date,Issuer,Symbol, Managers,Offer Price,Opening Price,1st Day Close,1st Day % Px Chng ,$ Change Opening,$ Change Close,Star Ratings,Performed
1/17/2020,I-Mab ,IMAB,Jefferies/ CICC,14,14.75,12.75,-0.09,0.75,-1.25,2,
1/17/2020,LIZHI ,LIZI,Credit Suisse/ Citigroup,11,11.03,11.63,0.06,0.03,0.63,1,
1/17/2020,Phoenix Tree Holdings Ltd. ,DNK,Citigroup/ Credit Suisse/ J.P. Morgan,13.5,13.5,13.5,0,0,0,1,
1/17/2020,Velocity Financial ,VEL,Wells Fargo Securities/ Citigroup/ JMP Securities,13,13.85,13.51,0.04,0.85,0.51,1,
1/24/2020,Gores Holdings IV ,GHIVU,Deutsche Bank Securities,10,10.52,10.45,0.04,0.52,0.45,1,
1/24/2020,SCVX Corp. ,SCVXU,Credit Suisse,10,10.3,10.32,0.03,0.3,0.32,1,
1/28/2020,AnPac Bio-Medical Science ,ANPC,WestPark Capital,12,12,11.25,-0.06,0,-0.75,1,
1/29/2020,Annovis Bio ,ANVS,ThinkEquity (a division of Fordham Financial Management ),6,6.63,9.59,0.6,0.63,3.59,1,Missed
1/29/2020,Black Diamond Therapeutics ,BDTX,J.P. Morgan/ Jefferies/ Cowen,19,33,39.48,1.08,14,20.48,3,
1/31/2020,1Life Healthcare ,OWEM,J.P. Morgan/ Morgan Stanley,14,18,22.07,0.58,4,8.07,2,
1/31/2020,Arcutis Biotherapeutics,ARQT,Goldman Sachs/ Cowen/ Guggenheim Securities,17,23.05,21.8,0.28,6.05,4.8,2,
1/31/2020,Reynolds Consumer Products ,REYN,Credit Suisse/ Goldman Sachs/ J.P. Morgan ,26,27.5,28.55,0.1,1.5,2.55,2,
2/4/2020,InterPrivate Acquisition ,IPV.U,EarlyBirdCapital,10,10.09,10.1,0.01,0.09,0.1,1,
2/6/2020,Beam Therapeutics ,BEAM,J.P. Morgan/ Jefferies/ Barclays,17,24,18.75,0.1,7,1.75,3,
2/6/2020,Casper Sleep ,CSPR,Morgan Stanley/ Goldman Sachs/ Jefferies,12,14.5,13.5,0.13,2.5,1.5,1,
2/6/2020,PPD ,PPD,Barclays/ J.P. Morgan/ Morgan Stanley/ Goldman Sachs/ BofA Securities/ Credit Suisse/ Jefferies/ UBS Investment Bank/ Citigroup/ Deutsche Bank Securities/ Evercore ISI/ HSBC/ Mizuho Securities/ Baird/ William Blair,27,31,30,0.11,4,3,3,
2/6/2020,Schrodinger ,SDGR,Morgan Stanley/ BofA Securities/ Jefferies/ BMO Capital Markets,17,26,28.64,0.68,9,11.64,2,
2/7/2020,NexPoint Real Estate Finance ,NREF,Raymond James,19,16,18.8,-0.01,-3,-0.2,1,
2/7/2020,OneWater Marine ,ONEW,Raymond James/ Baird/ SunTrust Robinson Humphrey,12,15.02,15.14,0.26,3.02,3.14,1,Missed
2/7/2020,Professional Holding ,PFHD,"Stephens/ Keefe, Bruyette & Woods (A Stifel Company​)",18.5,19.31,19.55,0.06,0.81,1.05,NC,
2/11/2020,CITIC Capital Acquisition (CCAC.U) (u),CCAC.U,Credit Suisse,10,10.26,10.2,0.02,0.26,0.2,1,
2/11/2020,Greenrose Acquisition ,GNRSU,Imperial Capital,10,10.02,10.07,0.01,0.02,0.07,1,
2/12/2020,Huize Holding Ltd. ,HUIZ,Citigroup/ CICC,10.5,10.62,10,-0.05,0.12,-0.5,1,
2/13/2020,Yunhong International ,ZGYHU,Maxim Group LLC,10,10.01,10,0,0.01,0,1,
2/13/2020,Muscle Maker ,GRIL,Alexander Capital,5,4.7,3.86,-0.23,-0.3,-1.14,1,
2/13/2020,Revolution Medicines ,RVMD,J.P. Morgan/ Cowen/ SVB Leerink/ Guggenheim Securities,17,28.21,28.9,0.7,11.21,11.9,3,
2/14/2020,Churchill Capital Corp. III ,CCXX.U,Citigroup/ Goldman Sachs,10,10.58,10.51,0.05,0.58,0.51,1,
2/14/2020,Newborn Acquisition ,NBACU,Chardan,10,10.02,10.05,0.01,0.02,0.05,1,
2/20/2020,East Stone Acquisition ,ESSCU,I-Bankers Securities,10,10.05,10.01,0,0.05,0.01,1,
2/21/2020,dMY Technology Group ,DMYT.U,Goldman Sachs/ UBS Investment Bank,10,10.31,10.34,0.03,0.31,0.34,1,
2/24/2020,ZHONGCHAO ,ZCMD,Network 1 Financial Securities,4,4.34,4,0,0.34,0,NC,
2/28/2020,Passage BIO ,PASG,J.P. Morgan/ Goldman Sachs/ Cowen,18,22.27,22.2,0.23,4.27,4.2,3,
3/3/2020,GFL Environmental Holdings,GFL,JPMorgan/ BMO Capital Markets/ Goldman Sachs/ RBC Capital Markets/ Scotiabank,19,17.5,16.8,-0.12,-1.5,-2.2,1,
3/6/2020,Flying Eagle Acquisition,FEAC.U,Goldman Sachs/ DNB Markets,10,10.45,10.4,0.04,0.45,0.4,1,
3/6/2020,LifeSci Acquisition,LSACU,Chardan,10,10.1,10.25,0.03,0.1,0.25,1,
3/11/2020,DFP Healthcare Acquisitions ,DFPHU,Deutsche Bank Securities,10,10.18,10.2,0.02,0.18,0.2,1,
3/12/2020,IMARA ,IMRA,Morgan Stanley/ Citigroup/ SVB Leerink,16,14,15,-0.06,-2,-1,1,
4/1/2020,WiMi Hologram Cloud ,WIMI,Benchmark Company/ Maxim Group/ China Merchants Securities (HK)/ AMTD Global Markets,5.5,6,5.5,0,0.5,0,N/C,
4/3/2020,Zentalis Pharmaceuticals ,ZNTL,Morgan Stanley/ Jefferies/ SVB Leerink/ Guggenheim Securities ,18,25.2,23.2,0.29,7.2,5.2,1,Missed
4/8/2020,Keros Therapeutics ,KROS,Jefferies/ SVB Leerink/ Piper Sandler,16,20.85,20.08,0.26,4.85,4.08,2,
4/22/2020,Social Capital Hedosophia Holdings Corp. III,IPOC.U,Credit Suisse,10,10.08,10.07,0.01,0.08,0.07,1,
4/24/2020,CC Neuberger Principal Holdings I ,PCPL.U,Goldman Sachs/ BofA Securities,10,10.05,10.06,0.01,0.05,0.06,1,
4/24/2020,Chardan Healthcare Acquisition 2 ,CHAQ.U,Chardan,10,10,9.98,0,0,-0.02,1,
4/24/2020,ORIC Pharmaceuticals ,ORIC,J.P. Morgan/ Citigroup/ Jefferies/ Guggenheim Securities,16,26,25.77,0.61,10,9.77,3,
4/28/2020,Social Capital Hedosophia Holdings Corp. II ,IPOB.U,Credit Suisse,10,10.15,10.12,0.01,0.15,0.12,1,
4/30/2020,Fortress Value Acquisition (FVAC.U) (u),FVAC.U,Deutsche Bank Securities,10,10.05,10.06,0.01,0.05,0.06,1,
5/1/2020,Collective Growth ,CGROU,Cantor,10,10,9.96,0,0,-0.04,1,
5/1/2020,Lyra Therapeutics ,LYRA,BofA Securities/ Jefferies/ William Blair,16,21,18.56,0.16,5,2.56,3,
5/5/2020,Roth CH Acquisition ,ROCHU,Roth Capital Partners/ Craig-Hallum Capital Group,10,9.95,9.94,-0.01,-0.05,-0.06,1,
5/6/2020,Live Oak Acquisition ,LOAK.U,Jefferies,10,10,9.88,-0.01,0,-0.12,1,
5/6/2020,Sustainable Opportunities Acquisition ,SOAC.U,Citigroup,10,9.9,9.93,-0.01,-0.1,-0.07,1,
5/8/2020,Ayala Pharmaceuticals ,AYLA,Citigroup/ Jefferies,15,15.66,15.03,0,0.66,0.03,3,Missed
5/8/2020,China Liberal Education Holdings (CLEU),CLEU,Boustead Securities,6,5,4.85,-0.19,-1,-1.15,1,
5/8/2020,Kingsoft Cloud Holdings ,KC,J.P. Morgan/ UBS Investment Bank/ Credit Suisse/ CICC ,17,20.37,23.84,0.4,3.37,6.84,2,
5/14/2020,GigCapital3 ,GIK.U,Nomura/ Oppenheimer,10,9.9,9.91,-0.01,-0.1,-0.09,1,
5/14/2020,Jaws Acquisition ,JWS.U,Credit Suisse,10,10,10.25,0.03,0,0.25,1,
5/15/2020,ADC Therapeutics America SA ,ADCI,Morgan Stanley/ BofA Securities/ Cowen and Company,19,30,29.65,0.56,11,10.65,1,
5/15/2020,Novus Capital,NOVSU,EarlyBirdCapital,10,9.97,9.95,-0.01,-0.03,-0.05,1,
5/20/2020, B. Riley Principal Merger ,BMRG.U,B. Riley FBR,10,10,10,0,0,0,1,
5/21/2020,Longview Acquisition ,LGVW.U,Cowen/ UBS Investment Bank,10,10,10,0,0,0,1,
5/21/2020,SelectQuote ,SLQT,Credit Suisse/ Morgan Stanley/ Evercore ISI/ RBC Capital Markets/ Barclays/ Citigroup/ Jefferies,20,26.2,27,0.35,6.2,7,3,
5/22/2020,Inari Medical ,NRAI,BofA Securities/Morgan Stanley,19,41.3,42.51,1.24,22.3,23.51,3,
5/27/2020,Foley Trasimene Acquisition,WPF.U,Credit Suisse/ BofA Securities,10,10.15,10.18,0.02,0.15,0.18,1,
6/3/2020,Pliant Therapeutics ,PLRX,Citigroup/ Cowen/ Piper Sandler,16,25,21.3,0.33,9,5.3,3,
6/3/2020,Warner Music Group ,WMG,Morgan Stanley/ Credit Suisse/ Goldman Sachs,25,27,30.12,0.2,2,5.12,2,
6/4/2020,ZoomInfo Technologies ,ZI,J.P. Morgan/ Morgan Stanley/ Barclays/ Credit Suisse/ BofA Securities/ Deutsche Bank Securities/ RBC Capital Markets/ UBS Investment Ban/ Wells Fargo Securities,21,40,34,0.62,19,13,3,
6/5/2020,Applied Molecular Transport (AMTI),AMTI,BofA Securities/Jefferies/ SVB Leerink,14,26,17.98,0.28,12,3.98,2,
6/5/2020,ARYA Sciences Acquisition Corp II ,ARYBU,Jefferies/ Goldman Sachs,10,10.6,10.79,0.08,0.6,0.79,1,
6/5/2020,Dada Nexus Limited ,DADA,Goldman Sachs (Asia)/ BofA Securities/ Jefferies,16,18.3,15.99,0,2.3,-0.01,2,
6/5/2020,Legend Biotech ,LEGN,Morgan Stanley/ J.P. Morgan Securities/ Jefferies,23,37,37,0.61,14,14,2,
6/5/2020,Mountain Crest Acquisition ,MCACU,Chardan,10,10.05,10.04,0,0.05,0.04,1,
6/5/2020,Shift4 Payments ,FOUR,Citigroup/ Credit Suisse/ Goldman Sachs,23,33,33.54,0.46,10,10.54,3,
6/9/2020,Hudson Executive Investment ,HECCU,Citigroup/ J.P. Morgan,10,10.19,10.25,0.03,0.19,0.25,3,
6/9/2020,Vroom ,VRM,Goldman Sachs/ BofA Securities/ Allen & Company/ Wells Fargo Securities,22,40.25,47.9,1.18,18.25,25.9,4,
6/10/2020,uCloudlink Group ,UCL,I-Bankers Securities/ Valuable Capital Limited,18,22.5,17.24,-0.04,4.5,-0.76,1,
6/11/2020,Lantern Pharma ,LTRN,ThinkEquity (a division of Fordham Financial Management) ,15,14.8,14.95,0,-0.2,-0.05,1,
6/12/2020,Avidity Biosciences ,RNA,Cowen/ SVB Leerink/ Credit Suisse/ Wells Fargo Securities,18,26.5,28.5,0.58,8.5,10.5,3,
6/12/2020,AZEK Company (The),AZEK,Barclays/ BofA Securities/ Goldman Sachs/ Jefferies,23,27.5,27.15,0.18,4.5,4.15,3,
6/12/2020,Burning Rock Biotech Ltd. ,BNR,Morgan Stanley/ BofA Securities/ Cowen,16.5,22.8,24.63,0.49,6.3,8.13,3,
6/12/2020,Generation Bio,GBIO,J.P. Morgan/ Jefferies/ Cowen,19,22.15,24.69,0.3,3.15,5.69,3,
6/12/2020,Vaxcyte ,PCVX,BofA Securities/ Jefferies/ Evercore ISI,16,20.8,26.15,0.63,4.8,10.15,3,
6/16/2020,Royalty Pharma plc ,RPRX,J.P. Morgan/ Morgan Stanley/ BofA Securities/ Goldman Sachs/ Citigroup/ UBS Investment Bank,28,44,44.5,0.59,16,16.5,3,
6/17/2020,Trebia Acquisition ,TRE.U,Credit Suisse/ BofA Securities,10,10.46,10.34,0.03,0.46,0.34,1,
6/19/2020,Forma Therapeutics Holdings ,FMTX,Jefferies/ SVB Leerink/ Credit Suisse,20,40,39,0.95,20,19,3,
6/19/2020,Genetron Holdings ,GTH,Credit Suisse/ CICC,16,16.15,16,0,0.15,0,3,Missed
6/19/2020,Progenity,PROG,Piper Sandler/ Wells Fargo Securities,15,15.11,13.12,-0.13,0.11,-1.88,3,Missed
6/19/2020,Repare Therapeutics ,RPTX,Morgan Stanley/ Goldman Sachs/ Cowen/ Piper Sandler,20,32.05,30.8,0.54,12.05,10.8,3,
6/24/2020,Brilliant Acquisition ,BRLIU,EarlyBirdCapital,10,10.01,10.5,0.05,0.01,0.5,1,
6/26/2020,Agora ,API,Morgan Stanley/ BofA Securities,20,45,50.5,1.53,25,30.5,2,
6/26/2020,Akouos ,AKUS,BofA Securities/ Cowen/ Piper Sandler,17,22.26,22,0.29,5.26,5,3,
6/26/2020,Albertsons Companies ,ACI,BofA Securities/ Goldman Sachs/J.P. Morgan/ Citigroup,16,15.5,15.45,-0.03,-0.5,-0.55,2,Missed
6/26/2020,Ebang International Holdings ,EBON,AMTD/ Loop Capital Markets,5.23,4.6,5,-0.04,-0.63,-0.23,N/C,
6/26/2020,Fusion Acquisition ,FUSE.U,Cantor,10,10.25,10.16,0.02,0.25,0.16,1,
6/26/2020,Fusion Pharmaceuticals ,FUSN,Morgan Stanley/ Jefferies/ Cowen,17,18.5,17,0,1.5,0,3,
6/26/2020,Kensington Capital Acquisition ,KCAC.U,UBS Investment Bank/ Stifel,10,10.05,10.05,0.01,0.05,0.05,1,
6/26/2020,PolyPid ,PYPD,Barclays/ BMO Capital Markets,16,16,19,0.19,0,3,2,
6/30/2020,GS Acquisition Holdings Corp II ,GSAH.U,Goldman Sachs/ Citigroup,10,10.4,10.51,0.05,0.4,0.51,1,
7/1/2020,Dun & Bradstreet Holdings ,DNB,Goldman Sachs/ BofA Securities,22,25,25.35,0.15,3,3.35,2,
7/1/2020,Panacea Acquisition ,PANA.U,Cowen,10,10.85,11.3,0.13,0.85,1.3,1,
7/2/2020,Accolade ,ACCD,Goldman Sachs/ Morgan Stanley/ BofA Securities,22,35,29.7,0.35,13,7.7,3,
7/2/2020,Capstar Special Purpose Acquisition ,CPSR.U,Citigroup/ UBS Investment Bank/ BTIG,10,10.16,10.22,0.02,0.16,0.22,1,
7/2/2020,Lemonade ,LMND,Goldman Sachs/ Morgan Stanley/ Allen & Company/ Barclays Capital ,29,50.06,69.41,1.39,21.06,40.41,3,
7/8/2020,BlueCity Holdings ,BLCT, AMTD/ Loop Capital Markets/ Tiger Brokers/ Prime Number Capital/ R. F. Lafferty,16,20.45,23.43,0.46,4.45,7.43,N/C,
7/8/2020,Therapeutics Acquisition ,TXAC,Jefferies,10,11.25,12.02,0.2,1.25,2.02,1,Missed
7/10/2020,Nkarta ,NKTX,Cowen/ Evercore ISI/ Stifel/ Mizuho Securities,18,54.75,47.99,1.67,36.75,29.99,3,
7/10/2020,Poseida Therapeutics ,PSTX,BofA Securities/ Piper Sandler/ William Blair,16,17,15.35,-0.04,1,-0.65,3,
7/10/2020,Quhuo Limited ,QH,Roth Capital Partners/ VALUABLE CAPITAL LIMITED/ Tiger Brokers,10,15.31,12.77,0.28,5.31,2.77,2,Missed
7/13/2020,PTK Acquisition,PTK.U,Chardan,10,10.03,10.11,0.01,0.03,0.11,1,
7/14/2020,Artius Acquisition ,AACQU,Credit Suisse/ Goldman Sachs,10,10.42,10.35,0.04,0.42,0.35,1,
7/14/2020,nCino ,NCNO,BofA Securities/ Barclays Capital/ KeyBanc Capital Markets/ SunTrust Robinson Humphrey,31,71,91.59,1.95,40,60.59,3,
7/15/2020,D8 Holdings ,DEH.U,UBS Investment Bank,10,10.05,10.03,0,0.05,0.03,1,
7/15/2020,GoHealth ,GOCO,Goldman Sachs/ BofA Securities/ Morgan Stanley,21,25,19.13,-0.09,4,-1.87,3,
7/15/2020,Malacca Straits Acquisition (MLACU ) (u),MLCU,BTIG,10,10.1,10.04,0,0.1,0.04,1,
7/16/2020,HPX Corp. ,HPX.U,Credit Suisse,10,10.2,10.17,0.02,0.2,0.17,1,
7/16/2020,Relay Therapeutics ,RLAY,J.P. Morgan/ Goldman Sachs/ Cowen/ Guggenheim Securities,20,35,35.05,0.75,15,15.05,3,
7/16/2020,Trean Insurance Group  ,TIG,J.P. Morgan/ Evercore ISI/ William Blair,15,17.05,15.51,0.03,2.05,0.51,3,
7/17/2020,ALX Oncology Holdings ,ALXO,Jefferies/ Credit Suisse/ Piper Sandler/ Cantor,18,36.5,30,0.67,18.5,12,3,
7/17/2020,Berkeley Lights ,BLI,J.P. Morgan/ Morgan Stanley/ Cowen,22,51.03,65.45,1.98,29.03,43.45,3,
7/17/2020,Deerfield Healthcare Technology Acquisitions ,DFHTU,Deutsche Bank Securities/ UBS Investment Bank,10,10.51,10.63,0.06,0.51,0.63,1,
7/17/2020,Pandion Therapeutics Holdco ,PAND,Goldman Sachs/ Morgan Stanley/ SVB Leerink/ BMO Capital Markets,18,27,18.1,0.01,9,0.1,3,
7/22/2020,Jamf Holding ,JAMF,Goldman Sachs/ J.P. Morgan/ BofA Securities/ Barclays,26,46,39.2,0.51,20,13.2,3,
7/22/2020,Pershing Square Tontine Holdings ,PTH.U,Citigroup/ Jefferies/ UBS Investment Bank,20,21.15,21.3,0.07,1.15,1.3,2,
7/22/2020,Property Solutions Acquisition ,PSACU,EarlyBirdCapital,10,10.04,10.03,0,0.04,0.03,1,
7/23/2020,East Resources Acquisition ,ERESU,Wells Fargo Securities,10,9.96,10,0,-0.04,0,1,
7/23/2020,Montrose Environmental Group  ,MEG,BofA Securities/ William Blair,15,16.5,22,0.47,1.5,7,1,Missed
7/23/2020,Skillful Craftsman Education Technology ,EDTK,"The Benchmark Company/ Axiom Capital Management,",5,5.35,4.75,-0.05,0.35,-0.25,N/C,
7/24/2020,Annexon ,ANNX,J.P. Morgan/ BofA Securities/ Cowen,17,17.4,17.76,0.04,0.4,0.76,3,Missed
7/24/2020,Ascendant Digital Acquisition ,ACND.U,UBS Investment Bank,10,10.3,10.31,0.03,0.3,0.31,1,
7/24/2020,Greencity Acquisition ,GRCYU,Ladenburg Thalmann,10,9.95,10,0,-0.05,0,1,
7/24/2020,Inozyme Pharma ,INZY,BofA Securities/ Cowen/ Piper Sandler,18,20.8,17.54,-0.03,2.8,-0.46,3,
7/24/2020,iTeos Therapeutics ,ITOS,J.P. Morgan/ SVB Leerink/ Piper Sandler,19,25.55,19.05,0,6.55,0.05,3,
7/24/2020,Nurix Therapeutics ,NRIX,J.P. Morgan/ Piper Sandler/ Stifel,19,18.06,19.01,0,-0.94,0.01,3,Missed
7/28/2020,ACE Convergence Acquisition ,ACEVU,Cantor,10,10.2,10.24,0.02,0.2,0.24,1,
7/29/2020,Vertex ,VERX,Goldman Sachs/ Morgan Stanley,19,25.56,23.93,0.26,6.56,4.93,3,
7/30/2020,AlloVir ,ALVR,Morgan Stanley/ J.P. Morgan/ SVB Leerink/ Piper Sandler,17,20,25.39,0.49,3,8.39,2,
7/30/2020,Churchill Capital Corp IV ,CCIV.U,Citigroup,10,10.06,10,0,0.06,0,1,
7/30/2020,Li Auto,LI,Goldman Sachs (Asia)/ Morgan Stanley/ UBS Investment Bank/ CICC,11.5,15.5,16.46,0.43,4,4.96,3,
7/31/2020,1847 Goedeker ,GOED,ThinkEquity (a division of Fordham Financial Management),9,9.4,8.9,-0.01,0.4,-0.1,1,
7/31/2020,NewHold Investment ,NHICU,Stifel,10,9.92,9.91,-0.01,-0.08,-0.09,1,
7/31/2020,E.Merge Technology Acquisition ,ETACU,Cantor/ Mizuho Securities,10,10.05,10,0,0.05,0,1,
7/31/2020,Fathom Holdings ,FTHM,Roth Capital Partners,10,11.5,10.03,0,1.5,0.03,2,
7/31/2020,CC Neuberger Principal Holdings II ,PRPB.U,Credit Suisse. Citigroup/ Morgan Stanley,10,10.15,10.07,0.01,0.15,0.07,1,
7/31/2020,Vasta Platform Limited ,VSTA,Goldman Sachs/BofA Securities/ Morgan Stanley/ Itau BBA,19,22.1,18.85,-0.01,3.1,-0.15,2,
7/31/2020,Vital Farms ,VITL,Goldman Sachs/ Morgan Stanley/ Credit Suisse,22,35,35.26,0.6,13,13.26,3,
8/4/2020,Health Sciences Acquisitions Corp 2 ,HSAQ,Chardan/ Barclays,10,11.41,11.4,0.14,1.41,1.4,1,Missed
8/4/2020,Yucaipa Acquisition ,"YAC,U",Citigroup,10,10.02,10.01,0,0.02,0.01,1,
8/5/2020,BigCommerce Holdings ,BIGC,Morgan Stanley/ Barclays/ Jefferies/ KeyBanc Capital Markets,24,68,72.27,2.01,44,48.27,3,
8/5/2020,Rackspace Technology,RXT,Goldman Sachs/ Citigroup/ JPMorgan,21,16.85,16.39,-0.22,-4.15,-4.61,2,Missed
8/5/2020,GO Acquisition ,GOAC.U,Credit Suisse,10,10,10,0,0,0,1,
8/5/2020,BowX Acquisition ,BOWXU,UBS Investment Bank,10,10.02,10.03,0,0.02,0.03,1,
8/5/2020,Holicity ,HOLUU,Deutsche Bank Securities/ BofA Securities,10,10.01,10.01,0,0.01,0.01,1,
8/6/2020,Gores Holdings V ,GRSVU,Deutsche Bank Securities/ Morgan Stanley,10,10.06,10.08,0.01,0.06,0.08,1,
8/6/2020,Kismet Acquisition One ,KSMTU,Credit Suisse/ BofA Securities,10,10,9.98,0,0,-0.02,1,
8/6/2020,Acutus Medical ,AFIB,J.P. Morgan/ BofA Securities/ William Blair,18,24.11,26.5,0.47,6.11,8.5,2,Missed
8/6/2020,Oak Street Health ,OSH,J.P. Morgan/ Goldman Sachs/ Morgan Stanley,21,42.5,40,0.9,21.5,19,3,
8/6/2020,Rocket Companies,RKT,Goldman Sachs/ Morgan Stanley/ Credit Suisse/ J.P. Morgan RBC Capital Markets,18,18,21.51,0.2,0,3.51,1,
8/7/2020,ARYA Sciences Acquisition Corp III ,ARYA,Jefferies/ Goldman Sachs,10,10.5,10.44,0.04,0.5,0.44,1,
8/7/2020,Checkmate Pharmaceuticals ,CMPI,BofA Securities/ Jefferies/ BMO Capital Markets,15,14.5,14,-0.07,-0.5,-1,3,Missed
8/7/2020,Freeline Therapeutics Holdings plc ,FRLN,J.P. Morgan/ Morgan Stanley/ Evercore ISI,18,18.5,18,0,0.5,0,2,
8/7/2020,IBEX Ltd. ,IBEX,Citigroup/ RBC Capital Markets/ Baird,19,18,15.4,-0.19,-1,-3.6,1,
8/7/2020,Vistas Media Acquisition ,VMACU, I-Bankers Securities,10,9.95,9.95,-0.01,-0.05,-0.05,1,
8/12/2020,Fortress Value Acquisition Corp. II (FAII.U) (u),FAII.U,Deutsche Bank Securities/ Morgan Stanley/ BofA Securities,10,10.12,10.17,0.02,0.12,0.17,1,
8/12/2020,Kubient ,KBNT/KBnth,Maxim Group/ Joseph Gunnar,5,5,5.07,0.01,0,0.07,1,
8/13/2020,FS Development ,FSDC,Jefferies,10,10.25,10.3,0.03,0.25,0.3,1,
8/13/2020,KE Holdings ,BEKE,Goldman Sachs/ Morgan Stanley/ China Renaissance,20,35.06,37.44,0.87,15.06,17.44,3,
8/13/2020,NetSTREIT Corp.,NTST,Wells Fargo Securities/ BofA Securities/ Citigroup/ Stifel/ Jefferies,18,18,17.7,-0.02,0,-0.3,1,
8/14/2020,RedBall Acquisition ,RBAC.U,Goldman Sachs,10,10.25,10.16,0.02,0.25,0.16,1,
8/14/2020,CureVac N.V. ,CVAC,BofA Securities/ Jefferies/ Credit Suisse,16,44,55.9,2.49,28,39.9,2,Missed
8/14/2020,dMY Technology Group ,DYM.U,UBS Investment Bank,10,10.05,10.1,0.01,0.05,0.1,1,
8/14/2020,Dragoneer Growth Opportunities ,DGNR.U,Citigroup/ Goldman Sachs/ J.P. Morgan,10,10.6,10.68,0.07,0.6,0.68,1,
8/14/2020,Duck Creek Technologies ,DCT,Goldman Sachs/ J.P. Morgan/ BofA Securities/ Barclays/ RBC Capital Markets,27,42,40,0.48,15,13,3,
8/14/2020,Lionheart Acquisition Corp. II ,LCAPU,Nomura/ Cantor,10,9.99,9.97,0,-0.01,-0.03,1,
8/18/2020,Northern Genesis Acquisition ,NGA.U,Raymond James/ EarlyBirdCapita,10,10,10,0,0,0,1,
8/18/2020,one ,AONE.U,Goldman Sachs,10,10.15,10.1,0.01,0.15,0.1,1,
8/18/2020,Star Peak Energy Transition ,STPK.U,Credit Suisse/ Goldman Sachs,10,10.01,10,0,0.01,0,1,
8/19/2020,Harmony Biosciences Holdings ,HRMY,Goldman Sachs/ Jefferies/ Piper Sandle,24,39.99,37.01,0.54,15.99,13.01,3,
8/19/2020,Inhibrx ,IBNX,Jefferies/ Evercore ISI/ Credit Suisse,17,22.1,20.63,0.21,5.1,3.63,2,
8/21/2020,Colonnade Acquisition ,CLA.U,BTIG,10,9.95,9.92,-0.01,-0.05,-0.08,1,
8/21/2020,FAST Acquisition ,FST.U,Citigroup/ UBS Investment Bank,10,9.96,9.93,-0.01,-0.04,-0.07,1,
8/21/2020,Foley Trasimene Acquisition II ,BFT.U,Credit Suisse/ BofA Securities,10,10.01,10,0,0.01,0,1,
8/21/2020,Forum Merger III . ,FIII.U,Jefferies,10,10,10,0,0,0,1,
8/21/2020,Horizon Acquisition,HZAC.U,Credit Suisse,10,10,10,0,0,0,1,
8/21/2020,Kymera Therapeutics ,KYMR,Morgan Stanley/ BofA Securities/ Cowen/ Guggenheim Securities,20,35,33.26,0.66,15,13.26,3,
8/21/2020,Nano-X Imaging,NNOX,Cantor/ Oppenheimer/ Berenberg/ CIBC Capital Markets,18,20.34,21.7,0.21,2.34,3.7,3,
8/26/2020,FTAC Olympus Acquisition ,FTOCU,Citigroup/ Cantor,10,9.93,9.93,-0.01,-0.07,-0.07,1,
8/27/2020,Burgundy Technology Acquisition ,BTAQU,Mizuho Securities,10,10,9.98,0,0,-0.02,1,
8/27/2020,CF Finance Acquisition Corp II (CFIIU) (u),CFIIU,Cantor,10,10,9.94,-0.01,0,-0.06,1,
8/27/2020,XPeng ,XPEV,Credit Suisse/ J.P. Morgan/ BofA Securities,15,23.1,21.22,0.41,8.1,6.22,3,
8/28/2020,Harbor Custom Development  ,HCDI,ThinkEquity (a division of Fordham Financial Management),6,5.5,7.5,0.25,-0.5,1.5,1,
8/31/2020,Applied UV ,AUVI,"Network 1 Financial Securities,",5,5.75,11.6,1.32,0.75,6.6,N/C,
9/1/2020,PainReform,PRFX,Maxim Group/ Joseph Gunnar,8,7.75,6.74,-0.16,-0.25,-1.26,1,
9/2/2020,CM Life Sciences ,CNLFU,Jefferies,10,10.07,10.25,0.03,0.07,0.25,1,
9/2/2020,INSU Acquisition Corp. II ,INAQU,Cantor,10,10.2,10.26,0.03,0.2,0.26,1,
9/3/2020,BCTG Acquisition ,BCTG,SVB Leerink,10,9.85,10.28,0.03,-0.15,0.28,1,
9/2/2020,HighCape Capital Acquisition ,CAPAU,Cantor,10,10.11,10.15,0.02,0.11,0.15,1,
9/2/2020,Tailwind Acquisition  ,TWND.U,Jefferies,10,10,10,0,0,0,1,
9/9/2020,Cohn Robbins Holdings ,CRHCU,Credit Suisse,10,10.1,10.01,0,0.1,0.01,1,
9/9/2020,Industrial Tech Acquisitions ,ITACU,Maxim Group,10,9.92,9.97,0,-0.08,-0.03,1,
9/10/2020,NavSight Holdings ,NSH.U,Credit Suisse,10,10,10,0,0,0,1,
9/10/2020,Prime Impact Acquisition I ,PIAI.U,Goldman Sachs/ BofA Securities,10,10,10,0,0,0,1,
9/10/2020,Starboard Value Acquisition ,SVACU,UBS Investment Bank/ Stifel/ Cowen,10,10,10,0,0,0,1,
9/11/2020,Broadstone Acquisition ,BSN.U,Citigroup,10,9.84,9.6,-0.04,-0.16,-0.4,1,
9/11/2020,Ribbit LEAP ,LEAP.U,JPMorgan,10,11.2,11.55,0.16,1.2,1.55,1,Missed
9/11/2020,Tortoise Acquisition Corp. II ,SNPR.U,Barclays/ Goldman Sachs,10,10.35,10.51,0.05,0.35,0.51,1,
9/11/2020,TWC Tech Holdings II ,TWCTU,Citigroup/ Deutsche Bank Securities,10,10.08,10.07,0.01,0.08,0.07,1,
1/8/2019,MMTEC ,MTC,WestPark Capital,4,5.91,7.55,0.89,1.91,3.55,N/C,
1/29/2019,Andina Acquisition Corp. III ,ANDAU,Cowen/ Craig-Hallum Capital Group,10,10,10.01,0,0,0.01,1,
1/30/2019,PIMCO Energy & Tactical Credit Opportunities Fund,NRGX,UBS Investment Bank/ BofA Merrill Lynch/ Morgan Stanley/ Wells Fargo Securities/ RBC Capital Markets/ Stifel,20,20,20.2,0.01,0,0.2,1,
1/31/2019,New Fortress Energy ,NFE,Morgan Stanley/ Barclays,14,13.25,13.07,-0.07,-0.75,-0.93,1,
1/31/2019,Pivotal Acquisition ,PVT.U,Cantor,10,10.05,10.1,0.01,0.05,0.1,1,
2/1/2019,Gores Metropoulos,GMHIU,Deutsche Bank Securities/ Credit Suisse/ Goldman Sachs,10,10.14,10.12,0.01,0.14,0.12,1,
2/6/2019,Wealthbridge Acquisition ,HHHHU,Chardan,10,10.01,10.01,0,0.01,0.01,1,
2/7/2019,Alector  ,ALEC,Morgan Stanley/ BofA Merrill Lynch/ Cowen/ Barclays,19,18.7,18,-0.05,-0.3,-1,2,Missed
2/7/2019,Monocle Acquisition ,MNCLU,Cowen/ Chardan,10,10,10.01,0,0,0.01,1,
2/8/2019,Gossamer Bio ,GOSS,BofA Merrill Lynch/ Leerink Partners/ Barclays/ Evercore ISI,16,19,17.94,0.12,3,1.94,2,
2/8/2019,Harpoon Therapeutics ,HARP,Citigroup/ Leerink Partners,14,14,13.5,-0.04,0,-0.5,1,
2/8/2019,RMG Acquisition ,RMG.U,Deutsche Bank Securities,10,10.01,10,0,0.01,0,1,
2/13/2019,IMAC Holdings ,IMAC/IMACW,Dawson James Securities/ Cuttone,5,3.91,4.18,-0.16,-1.09,-0.82,N/C,
2/14/2019,Avedro ,AVDR,BofA Merrill Lynch/ J.P. Morgan,14,11.6,12.29,-0.12,-2.4,-1.71,2,Missed
2/24/2019,TCR2 Therapeutic ,TCRR,Jefferies/ Leerink Partners/ BMO Capital Markets,15,15.15,15.07,0,0.15,0.07,1,
2/15/2019,Hoth Therapeutics ,HOTH,Laidlaw & Company (UK) Ltd.,5.6,6.9,8.53,0.52,1.3,2.93,1,Missed
2/15/2019,Stealth BioTherapeutics ,MITO,Jefferies/ Evercore ISI/ BMO Capital Markets,12,12.1,11.9,-0.01,0.1,-0.1,1,
2/22/2019,Acamar Partners Acquisition,ACAMU,Goldman Sachs/ Deutsche Bank Securities,10,10.02,10,0,0.02,0,N/C,
2/26/2019,Super League Gaming ,SLGG,Northland Capital/ Markets Lake Street,11,11,8.5,-0.23,0,-2.5,1,
2/28/2019,DiamondPeak Holdings ,DPHCU,Deutsche Bank Securities,10,10,10,0,0,0,1,
2/28/2019,Kaleido Biosciences ,KLDO,Goldman Sachs/ J.P. Morgan/ Morgan Stanley,15,12.8,14.23,-0.05,-2.2,-0.77,1,
2/28/2019,Tortoise Acquisition ,SHLLU,Barclays/ Goldman Sachs/ UBS Investment Bank,10,10.02,10,0,0.02,0,1,
3/1/2019,Hennessy Capital Acquisition ,HCACU,Nomura/ Stifel,10,10,10.02,0,0,0.02,1,
3/5/2019,Tuscan Holdings ,THCBU,EarlyBirdCapital,10,10.1,10.13,0.01,0.1,0.13,1,
3/7/2019,ShockWave Medical ,SWAV,Morgan Stanley/ BofA Merrill Lynch,17,24.8,30.5,0.79,7.8,13.5,2,
3/8/2019,Crescent Acquisition,CRSAU,Credit Suisse/ BofA Merrill Lynch,10,10,10,0,0,0,1,
3/8/2019,Futu Holdings Limited ,FUTU,Goldman Sachs (Asia)/ UBS Investment Bank/ Credit Suisse,12,14.76,15.32,0.28,2.76,3.32,2,
3/14/2019,Trine Acquisition,TRNEU,BTIG/ Cantor,10,10,10,0,0,0,1,
3/20/2019,Insurance Acquisition ,INSUU,Cantor,10,10.1,10.1,0.01,0.1,0.1,1,
3/20/2019,UP Fintech Holding Limited ,TIGR,Citigroup/ Deutsche Bank Securities,8,8.1,10.92,0.37,0.1,2.92,2,
3/21/2019,Levi Strauss  ,LEVI,Goldman Sachs/ J.P. Morgan,17,22.22,22.41,0.32,5.22,5.41,3,
3/25/2019,8i Enterprises Acquisition ,JFKKU,Chardan,10,10.05,10.03,0,0.05,0.03,1,
3/28/2019,Precision BioSciences ,DTIL,J.P. Morgan/ Goldman Sachs/ Jefferies/ Barclays,16,18,17.44,0.09,2,1.44,2,
3/29/2019,Lyft ,LYFT,J.P. Morgan/ Credit Suisse/ Jefferies,72,87.24,78.29,0.09,15.24,6.29,3,
4/2/2019,Powerbridge Technologies ,PBTS,Maxim Group/ The Benchmark Company,5,5.5,5.21,0.04,0.5,0.21,N/C,
4/3/2019,Ruhnn Holding ,RUHN,Citigroup/ UBS Investment Bank,12.5,12.5,7.85,-0.37,0,-4.65,1,
4/4/2019,NGM Biopharmaceuticals ,NGM,Goldman Sachs/ Citigroup/ Cowen,16,15,14.7,-0.08,-1,-1.3,3,Missed
4/4/2019,Replay Acquisition ,RPLA.U,Credit Suisse/ BofA Merrill Lynch,10,10,10.05,0.01,0,0.05,1,
4/4/2019,Silk Road Medical,SILK,J.P. Morgan/ BofA Merrill Lynch,20,33.15,36.18,0.81,13.15,16.18,3,
4/4/2019,Tradeweb Markets ,TW,J.P. Morgan/ Citigroup/ Goldman Sachs/ Morgan Stanley​,27,34.26,35.81,0.33,7.26,8.81,3,
4/5/2019,Guardion Health Sciences,GHSI,WallachBeth Capital,4,3.8,3.68,-0.08,-0.2,-0.32,N/C,
4/9/2019,B. Riley Principal Merger ,BRPM.U,B. Riley FBR,10,10,10,0,0,0,1,
4/11/2019,PagerDuty ,PD,Morgan Stanley/ J.P. Morgan Securities/ RBC Capital Markets/Allen,24,36.75,38.25,0.59,12.75,14.25,3,
4/11/2019,Tufin Software Technologies ,TUFN,J.P. Morgan/ Barclays Capital/ Jefferies,14,18.05,19.1,0.36,4.05,5.1,3,
4/12/2019,Jumia ,JMIA,Morgan Stanley/ Citigroup/ Berenberg/ RBC Capital Markets,14.5,18.95,25.46,0.76,4.45,10.96,1,Missed
4/17/2019,Palomar Holdings ,PLMR,"Barclays/ J.P. Morgan/ Keefe, Woods & Bruyette (A Stifel Company)",15,18.5,18.99,0.27,3.5,3.99,2,
4/17/2019,Turning Point Therapeutics ,TPTX,Goldman Sachs/ SVB Leerink/ Wells Fargo Securities,18,24.25,28.9,0.61,6.25,10.9,2,
4/18/2019,Brigham Minerals ,MNRL,Credit Suiss/ Goldman Sachs/ Barclays/ RBC Capital Markets/ UBS Investment Bank/ Wells Fargo Securities,18,20,19.92,0.11,2,1.92,2,
4/18/2019,Greenlane Holdings ,GNLN,Cowen/Canaccord Genuity,17,29,21.1,0.24,12,2,2,
4/18/2019,HOOKIPA Pharma ,HOOK,BofA Merrill Lynch/ SVB Leerink/ RBC Capital Markets,14,14.3,14,0,0.3,0,2,Missed
4/18/2019,Pinterest ,PINS,Goldman Sachs/ J.P. Morgan/ Allen & Company,19,23.5,24.4,0.28,4.5,5.4,4,
4/18/2019,Zoom Video Communications ,ZM,Morgan Stanley/ J. P. Morgan/ Goldman Sachs/ Credit Suisse,36,65,62,0.72,29,26,4,
4/26/2019,Act II Global Acquisition ,ACTTU,Cantor,10,10.1,10.1,0.01,0.1,0.1,1,
5/2/2019,Beyond Meat ,BYND,Goldman Sachs/ J.P. Morgan/ Credit Suisse,25,46,65.75,1.63,21,40.75,3,
5/2/2019,So-Young International ,SY,Deutsche Bank Securities/ CICC,13.8,16.5,18.2,0.32,2.7,4.4,2,
5/2/2019,TransMedics Group ,TMDX,Morgan Stanley/ J.P. Morgan,16,20.26,22.36,0.4,4.26,6.36,2,
5/3/2019,Red River Bancshares ,RRBI,FIG Partners/ Stephens,45,55,50.25,0.12,10,5.25,2,
5/3/2019,SciPlay,SCPL,BofA Merrill Lynch/ J.P. Morgan/ Deutsche Bank Securities,16,18,15.25,-0.05,2,-0.75,2,
5/3/2019,Yunji ,YJ,Morgan Stanley/ Credit Suisse/ J.P. Morgan/ CICC,11,13.42,14.15,0.29,2.42,3.15,1,
5/7/2019,Landcadia Holdings II ,LCAHU,Jefferies,10,10.05,10.03,0,0.05,0.03,1,
5/7/2019,Trevi Therapeutics ,TRVI,SVB Leerink/Stifel/ BMO Capital Markets,10,9.5,7.89,-0.21,-0.5,-2.11,1,
5/8/2019,Parsons ,PSN,Goldman Sachs/ BofA Merrill Lynch/ Morgan Stanley,27,30.65,30.07,0.11,3.65,3.07,2,
5/9/2019,Axcella Health ,AXLA,Goldman Sachs/ J.P. Morgan/ SVB Leerink,20,15.12,13.8,-0.31,-4.88,-6.2,2,Missed
5/9/2019,Cortexyme ,CRTX,BofA Merrill Lynch/ Credit Suisse,17,20,32.89,0.93,3,15.89,1,Missed
5/9/2019,HeadHunter Group PLC ,HHR,Morgan Stanley/ Goldman Sachs/ Credit Suisse/ VTB Capital,13,14.66,15.75,0.21,1.66,2.75,2,
5/9/2019,Mayville Engineering ,MEC,Baird/ Citigroup/ Jefferies,17,17,16.47,-0.03,0,-0.53,1,
5/9/2019,Milestone Pharmaceuticals ,MIST,Jefferies/ Cowen/ Piper Jaffray,15,15.61,16.37,0.09,0.61,1.37,2,
5/9/2019,NextCure,NXTC,"Morgan Stanley/ BofAMerrill Lynch, Pierce/ Piper Jaffray",15,15.5,19.9,0.33,0.5,4.9,2,
5/9/2019,South Plains Financial ,SPFI,"Keefe, Bruyette & Woods (A Stifel Company)/ Sandler O’Neill + Partners",17.5,17.75,17.71,0.01,0.25,0.21,2,
5/10/2019,Diamond Eagle Acquisition ,DEACU,Deutsche Bank Securities/ Goldman Sachs,10,10.05,10.03,0,0.05,0.03,1,
5/10/2019,Health Sciences Acquisitions ,HSACU,Chardan/ UBS Investment Bank,10,10.2,10.26,0.03,0.2,0.26,1,
5/10/2019,Jiayin Group ,JFIN,Roth Capital Partners/ Shenwan Hongyuan Securities,10.5,11,16.15,0.54,0.5,5.65,1,
5/10/2019,Sonim Technologies ,SONM,Oppenheimer/ Lake Street,11,11.7,10.99,0,0.7,-0.01,1,
5/10/2019,Uber Technologies ,UBER,Morgan Stanley/ Goldman Sachs/ BofA Merrill Lynch/ Barclays/ Citigroup/ Allen & Company,45,42,41.57,-0.08,-3,-3.43,3,Missed
5/14/2019,AGBA Acquisition ,AGBAU,Maxim Group LLC,10,10.04,10.01,0,0.04,0.01,1,
5/14/2019,Applied Therapeutics ,APLT,Citigroup/ Cowen/ UBS Investment Bank,10,8.04,9.4,-0.06,-1.96,-0.6,1,
5/15/2019,Postal Realty Trust ,PSTL,Stifel/ Janney Montgomery Scott/ BMO Capital Markets/ Height Capital Markets,17,17,17,0,0,0,1,
5/17/2019,Avantor ,AVTR,Goldman Sachs/ J.P. Morgan,14,14.72,14.5,0.04,0.72,0.5,1,
5/17/2019,Fastly ,FSLY,BofA Merrill Lynch/ Credit Suisse/ Citigroup,16,21.5,23.99,0.5,5.5,7.99,3,
5/17/2019,Luckin Coffee ,LK,Credit Suisse/ Morgan Stanley/ CICC/ Haitong Internationa,17,25,20.38,0.2,8,3.38,3,
5/21/2019,GX Acquisition ,GXGXU,Cantor,10,10.07,10.06,0.01,0.07,0.06,1,
5/23/2019,Bicycle Therapeutics Limited ,BCYC,Goldman Sachs/ Jefferies/ Piper Jaffray,14,13.37,12,-0.14,-0.63,-2,2,Missed
5/23/2019,IDEAYA Biosciences ,IDYA,J.P. Morgan/ Citigroup/ Jefferies,10,14,11.19,0.12,4,1.19,2,
5/23/2019,Rattler Midstream Partners,RTLR,Credit Suisse/ BofA Merrill Lynch/ J.P. Morgan,17.5,18.06,18.9,0.08,0.56,1.4,2,
5/30/2019,Proficient Alpha Acquisition ,PAACU,I-Bankers Securities,10,10.06,10.04,0,0.06,0.04,1,
6/6/2019,GigCapital2 ,GIX.U,EarlyBirdCapital/ Northland Capital Markets,10,10.01,10.02,0,0.01,0.02,1,
6/6/2019,GSX Techedu ,GSX,Credit Suisse/ Deutsche Bank Securities,10.5,12.1,10.48,0,1.6,-0.02,1,
6/7/2019,Haymaker Acquisition Corp. II ,HYACU,Cantor,10,10.1,10.1,0.01,0.1,0.1,1,
6/7/2019,Revolve Group ,RVLV,Morgan Stanley/ Credit Suisse/ BofA Merrill Lynch,18,25.16,34,0.89,7.16,16,3,
6/12/2019,CrowdStrike Holdings ,CRWD,Goldman Sachs/ J.P. Morgan/ BofA Merrill Lynch/ Barclays,34,63.3,58,0.71,29.3,24,4,
6/12/2019,Mohawk Group Holdings ,MWK,Roth Capital Partners/ A.G.P.,10,10,10,0,0,0,1,
6/13/2019,Fiverr International  ,FVRR,J.P. Morgan Securities/ Citigroup,21,26,39.9,0.9,5,18.9,2,
6/14/2019,Chewy ,CHWY,Morgan Stanley/ J.P. Morgan/ Allen & Company,22,36,34.99,0.59,14,12.99,3,
6/19/2019,Stoke Therapeutics ,STOK,J.P. Morgan/ Cowen/ Credit Suisse,18,27.21,25.57,0.42,9.21,7.57,2,
6/20/2019,Akero Therapeutics ,AKRO,J.P. Morgan/ Jefferies/ Evercore ISI,16,16.16,18.32,0.15,0.16,2.32,2,
6/20/2019,Atreca ,BCEL,Cowen/ Evercore ISI/ Stifel,17,19.9,18.05,0.06,2.9,1.05,1,
6/20/2019,Grocery Outlet Holding ,GO,BofA Merrill Lynch/ Morgan Stanley/ Deutsche Bank Securities/ Jefferies/ Barclays/ Goldman Sachs/ Guggenheim Securities/ UBS Investment Bank/ Cowen,22,31,28.51,0.3,9,6.51,3,
6/20/2019,Personalis ,PSNL,Morgan Stanley/ BofA Merrill Lynch/ Cowen and Company,17,23.7,28.49,0.68,6.7,11.49,2,
6/20/2019,Prevail Therapeutics ,PRVL,Morgan Stanley/ BofA Merrill Lynch/ Cowen and Company,17,15.31,13.6,-0.2,-1.69,-3.4,1,
6/20/2019,Slack Technologies ,WORK,DPO (Direct Public Offering),26,38.5,38.62,0.49,12.5,12.62,N/C,
6/20/2019,South Mountain Merger ,SMMCU,Citigroup,10,10.03,10,0,0.03,0,1,
6/25/2019,BlackRock Science and Technology Trust II ,BSTZ,Morgan Stanley/ BofA Merrill Lynch/ UBS Investment Bank/ Wells Fargo Securities/ Raymond James,20,20,20.02,0,0,0.02,1,
6/25/2019,Linx S.A. ,LINX,Goldman Sachs/ Morgan Stanley/ Jefferies/ BofA Merrill Lynch/ Itaú BBA,9.4,9.3,9.09,-0.03,-0.1,-0.31,N/C,
6/26/2019,Cambium Networks ,CMBM,J.P. Morgan/ Goldman Sachs,12,10.08,9.7,-0.19,-1.92,-2.3,1,
6/26/2019,BlackRock Science and Technology Trust II ,BSTZ,Morgan Stanley/ BofA Merrill Lynch/ UBS Investment Bank/ Wells Fargo Securities/ Raymond James,20,20,20.16,0.01,0,0.16,1,
6/27/2019,Churchill Capital Corp II ,CCX.U,Citigroup,10,10.2,10.14,0.01,0.2,0.14,1,
6/27/2019,BridgeBio Pharma,BBIO,J.P. Morgan/ Goldman Sachs/ Jefferies/ SVB Leerink/ KKR/ Piper Jaffray/ Mizuho Securities/ BMO Capital Markets/ Raymond James,17,30.61,27.55,0.62,13.61,10.55,3,
6/27/2019,Adaptive Biotechnologies ,ADPT,Goldman Sachs/ J.P. Morgan/ BofA Merrill Lynch,20,39.01,40.3,1.02,19.01,20.3,3,
6/27/2019,Change Healthcare ,CHNG,Barclays/ Goldman Sachs/ J.P. Morgan,13,14,15,0.15,1,2,1,
6/27/2019,Morphic Holding ,MORF,Jefferies/ Cowen/ BMO Capital Markets/ Wells Fargo Securities,15,18,18,0.2,3,3,3,
6/28/2019,Karuna Therapeutics ,KRTX,Goldman Sachs/ Citigroup/ Wells Fargo Securities,16,18.5,20.02,0.25,2.5,4.02,2,
6/28/2019,The RealReal ,REAL,Credit Suisse/ BofA Merrill Lynch/ UBS Investment Bank,20,28,28.9,0.45,8,8.9,3,
7/12/2019,Pivotal Investment Corporation II ,PIC.U,Cantor/ BTIG,10,10.1,10.11,0.01,0.1,0.11,1,
7/12/2019,SC Health ,SCPE.U,Credit Suisse,10,10.13,10.19,0.02,0.13,0.19,1,
7/12/2019,Tuscan Holdings Corp. II,THCAU,EarlyBirdCapital,10,10.05,10.04,0,0.05,0.04,1,
7/17/2019,DouYu International Holdings ,DOYU,Morgan Stanley/ J.P. Morgan/ BofA Merrill Lynch/ CMBI,11.5,11.02,11.5,0,-0.48,0,1,Missed
7/18/2019,AssetMark Financial Holdings ,AMK,J.P. Morgan/ Goldman Sachs/ Credit Suisse/ Huatai Securities (USA),22,25.45,27.04,0.23,3.45,5.04,3,
7/18/2019,Conyers Park II Acquisition ,CPAA.U,Deutsche Bank Securities/ Goldman Sachs,10,10.2,10.23,0.02,0.2,0.23,1,
7/18/2019,Fulcrum Therapeutics ,FULC,Morgan Stanley/ BofA Merrill Lynch/ SVB Leerink,16,14.5,13.5,-0.16,-1.5,-2.5,1,
7/18/2019,Genmab A/S ,GMAB,BofA Merrill Lynch/ Morgan Stanley/ Jefferies,17.75,18.25,18.18,0.02,0.5,0.43,N/C,
7/18/2019,Mirum Pharmaceuticals  ,MIRM,Citigroup/ Evercore ISI/ Guggenheim Securities,15,13,13.21,-0.12,-2,-1.79,1,
7/18/2019,Oaktree Acquisition ,OAC.U,Credit Suisse/ Deutsche Bank Securities,10,10.1,10.13,0.01,0.1,0.13,1,
7/18/2019,Owl Rock Capital ,ORCC,"Goldman Sachs/ BofA Merrill Lynch/ RBC Capital Markets/ SunTrust Robinson Humphrey/ Wells Fargo Securities/ Credit Suisse/ Deutsche Bank Securities/ JMP Securities/ Keefe, Bruyette & Woods (A Stifel Company)/ Morgan Stanley/ SOCIETE ",15.3,15.5,15.49,0.01,0.2,0.19,1,
7/18/2019,Phreesia ,PHR,J.P. Morgan/ Wells Fargo Securities/ William Blair/ Allen & Company/ Piper Jaffray,18,26.75,25.08,0.39,8.75,7.08,3,
7/19/2019,Afya Limited,AFYA,BofA Merrill Lynch/ Goldman Sachs/ UBS Investment Bank/ Itaú BBA,19,23.5,24.06,0.27,4.5,5.06,2,
7/19/2019,Intercorp Financial Services ,IFS,BofA Merrill Lynch/ J.P. Morgan/ Itaú BBA,46,46,46.11,0,0,0.11,N/C,
7/19/2019,Medallia ,MDLA,BofA Merrill Lynch/ Citigroup/ Wells Fargo Securities/ Credit Suisse,21,34,37.05,0.76,13,16.05,3,
7/25/2019,Castle Biosciences ,CSTL,SVB Leerink/ Baird,16,20,21.4,0.34,4,5.4,2,
7/25/2019,Fellazo ,FLLCU,Maxim Group,10,10,9.95,-0.01,0,-0.05,1,
7/25/2019,Health Catalyst ,HCAT,Goldman Sachs/ J.P. Morgan/ William Blair,26,37.5,39.17,0.51,11.5,13.17,4,
7/25/2019,Livongo Health ,LVGO,Morgan Stanley/ Goldman Sachs/ J.P. Morgan,28,40.51,38.1,0.36,12.51,10.1,4,
7/25/2019,ProSight Global ,PROS,Goldman Sachs/ Barclays/ BofA Merrill Lynch,14,16,17.07,0.22,2,3.07,1,
7/25/2019,Sunnova Energy International ,NOVA,BofA Merrill Lynch/ J.P. Morgan/ Goldman Sachs/ Credit Suisse,12,11.05,11.25,-0.06,-0.95,-0.75,1,
7/26/2019,Blue Hat Interactive Entertainment Technology ,BHAT,ViewTrade Securities,4,4.49,4.58,0.15,0.49,0.58,N/C,
7/26/2019,Switchback Energy Acquisition ,SBE.U,Goldman Sachs/ Citigroup,21,34,37.05,0.76,13,16.05,1,
7/26/2019,"Vista Oil & Gas, S.A.B. de C.V. ",VIST,Citigroup/ Credit Suisse,9.25,8.25,9.1,-0.02,-1,-0.15,N/C,
7/26/2019,Wanda Sports Group ,WSG,Morgan Stanley/ Deutsche Bank Securities/ Citigroup,8,6,5.16,-0.36,-2,-2.84,1,
7/31/2019,Netfin Acquisition ,NFINU,B. Riley FBR,10,10,10.02,0,0,0.02,1,
7/31/2019,Borr Drilling Limited ,BORR,Goldman Sachs/ DNB Markets,9.3,9.54,9.77,0.05,0.24,0.47,N/C,
8/1/2019,Dynatrace Holdings ,DT,Goldman Sachs/ J.P. Morgan/ Citigroup,16,25.5,23.85,0.49,9.5,7.85,3,
8/1/2019,Kura Sushi USA  ,KRUS,BMO Capital Markets/ Stephens,14,14.89,19.61,0.4,0.89,5.61,1,Missed
8/1/2019,Sundial Growers ,SNDL,Cowen/ BMO Capital Markets/ Barclays,13,13.01,8.48,-0.35,0.01,-4.52,2,Missed
8/2/2019,Orisun Acquisition ,ORSNU,Chardan,10,10,10,0,0,0,1,
8/5/2019,AMTD International ,HKIB,AMTD Global Markets/ Tiger Brokers,8.38,8.91,10.07,0.2,0.53,1.69,N/C,
8/8/2019,InMode Ltd. ,INMD,​Barclays/ UBS Investment Bank/ Canaccord Genuity,14,13.5,13.57,-0.03,-0.5,-0.43,1,
8/8/2019,Silver Spike Acquisition (SSPKU) (u),SSPKU,Credit Suisse,10,10,10,0,0,0,1,
8/9/2019,Thunder Bridge Acquisition II (THBRU) (u),THBRU,Morgan Stanley/ Cantor,10,10.07,10.07,0.01,0.07,0.07,1,
8/15/2019,9F ,JFU,Credit Suisse,9.5,10.88,9.58,0.01,1.38,0.08,1,
8/15/2019,CrossFirst Bankshares ,CFG,"Keefe, Bruyette & Woods (A Stifel Company)/ RAYMOND JAMES/ Stephens/ Sandler O’Neill + Partners, L.P.",14.5,14.5,14.6,0.01,0,0.1,1,
9/11/2019,New Providence Acquisition ,NPAUU,BTIG,10,10.02,10.04,0,0.02,0.04,1,
9/12/2019,10x Genomics ,TXG,J.P. Morgan/ Goldman Sachs/ BofA Merrill Lynch,39,54,52.75,0.35,15,13.75,3,
9/12/2019,SmileDirectClub ,SDC,J.P. Morgan/ Citigroup/ BofA Merrill Lynch/ Jefferies/ UBS Investment Bank/ Credit Suisse ,23,20.55,16.67,-0.28,-2.45,-6.33,2,Missed
9/13/2019,Cloudflare ,NET,Goldman Sachs/ Morgan Stanley/ J.P. Morgan,15,18,18,0.2,3,3,3,
9/13/2019,Experience Investment ,EXPCU,Deutsche Bank Securities/ Citigroup/ J.P. Morgan,10,10,10.01,0,0,0.01,1,
9/13/2019,Satsuma Pharmaceuticals ,STSA,Credit Suisse/ SVB Leerink/ Evercore,15,19,16.9,0.13,4,1.9,1,Missed
9/13/2019,SpringWorks Therapeutics (SWTX),SWTX,​J.P. Morgan/ Goldman Sachs/ Cowen​,18,24.5,22.63,0.26,6.5,4.63,3,
9/17/2019,Apex Technology Acquisition ,APXTU,Cantor,10,10.11,10.15,0.02,0.11,0.15,1,
9/18/2019,Envista Holdings ,NVST,J.P. Morgan/ Goldman Sachs/ Morgan Stanley,22,26.65,27.95,0.27,4.65,5.95,2,
9/18/2019,IGM Biosciences ,IGMS,Jefferies/ Piper Jaffray/ Stifel/ Guggenheim Securities,16,18.31,24.3,0.52,2.31,8.3,1,Missed
9/19/2019,Datadog ,DDOG,Morgan Stanley/ Goldman Sachs/ J.P. Morgan/ Credit Suisse,27,40.35,37.55,0.39,13.35,10.55,3,
9/19/2019,Exagen ,XGN,Cowen/ Cantor/ William Blair ,14,16.8,18.58,0.33,2.8,4.58,2,
9/19/2019,Ping Identity Holding  ,PING,Goldman Sachs/ BofA Merrill Lynch/ RBC Capital Markets/ Citigroup,15,18.75,20.11,0.34,3.75,5.11,3,
9/26/2019,Oportun Financial ,OPRT,"Barclays/ J.P. Morgan/ Jefferies/ Keefe, Bruyette & Woods (A Stifel Company)",15,15.7,16.17,0.08,0.7,1.17,1,
9/26/2019,Peloton Interactive ,PTON,Goldman Sachs/ J.P. Morgan,29,27,25.76,-0.11,-2,-3.24,2,Missed
10/3/2019,Aprea Therapeutics ,APRE,J.P. Morgan/ Morgan Stanley/ RBC Capital Markets,15,15.46,20.5,0.37,0.46,5.5,1,
10/3/2019,Frequency Therapeutics ,FREQ,J.P. Morgan/ Goldman Sachs/ Cowen,14,11.2,13.7,-0.02,-2.8,-0.3,1,
10/3/2019,Viela Bio ,VIE,Goldman Sachs/ Morgan Stanley/ Cowen,19,21.5,23.41,0.23,2.5,4.41,1,Missed
10/10/2019,BioNTech SE ,BNTX,J.P. Morgan/ BofA Merrill Lynch/ UBS Investment Bank/ SVB Leerink,15,16.5,14.24,-0.05,1.5,-0.76,1,
10/11/2019,HBT Financial ,HBT,"Keefe, Bruyette & Woods (A Stifel Company)/ J.P. Morgan",15,16.2,15.54,0.04,1.2,0.54,1,
10/11/2019,Vir Biotechnology ,VIR,Goldman Sachs/ J.P. Morgan/ Cowen/ Barclays,20,16.15,14.02,-0.3,-3.85,-5.98,1,
10/17/2019,BellRing Brands ,BRBR,Morgan Stanley/ Citigroup/ J.P. Morgan/ Goldman Sachs,14,15.5,16.5,0.18,1.5,2.5,1,Missed
10/18/2019,Galileo Acquisition ,GLEO.U,EarlyBirdCapital,10,10.06,10.04,0,0.06,0.04,1,
10/18/2019,Union Acquisition Corp. II ,LATNU,Cantor,10,10.1,10.1,0.01,0.1,0.1,1,
10/24/2019,BRP Group,BRP,J.P. Morgan/ BofA Merrill Lynch,14,17.38,16.37,0.17,3.38,2.37,2,
10/25/2019,Aesthetic Medical International Holdings Group ,AIH,Cantor/ Haitong International/ Prime Number Capital,12,12.16,10.03,-0.16,0.16,-1.97,1,
10/25/2019,Cabaletta Bio ,CABA,Morgan Stanley/ Cowen and Company/ Evercore Group,11,9,10,-0.09,-2,-1,1,
10/25/2019,Happiness Biology Technology Group ,HAPP,Univest Securities,5.5,4.9,4.5,-0.18,-0.6,-1,1,
10/25/2019,Phathom Pharmaceuticals ,PHAT,Goldman Sachs/ Jefferies/ Evercore ISI,19,22.5,24.6,0.29,3.5,5.6,1,Missed
10/25/2019,Progyny ,PGNY,J.P. Morgan/ Goldman Sachs/ BofA Merrill Lynch,13,13.5,15.94,0.23,0.5,2.94,1,
10/25/2019,TFF Pharmaceuticals ,TFFP,National Securities,5,5.19,5.07,0.01,0.19,0.07,1,
10/25/2019,Youdao ,DAO,Citigroup/ Morgan Stanley,17,13.5,12.5,-0.26,-3.5,-4.5,1,
10/31/2019,Oyster Point Pharma ,OYST,J.P. Morgan/ Cowen/ Piper Jaffray,16,16.5,18.78,0.17,0.5,2.78,1,
10/31/2019,RAPT Therapeutics ,RAPT,BMO Capital Markets/ Wells Fargo Securities/ UBS Investment Bank,12,12.25,13,0.08,0.25,1,1,
11/1/2019,Fangdd Network Group ,DUO,Morgan Stanley/ Citigroup/ UBS/ CICC/ AMTD,13,13,13,0,0,0,1,
11/1/2019,FinServ Acquisition ,FSRVU,Barclays/ Cantor,10,10.06,10.06,0.01,0.06,0.06,1,
11/1/2019,Osprey Technology Acquisition,SFTW.U,Credit Suisse,10,10,10,0,0,0,1,
11/5/2019,Merida Merger ,MCMJU,EarlyBirdCapital,10,10,10,0,0,0,1,
11/5/2019,Q&K International Group,QK,Morgan Stanley/ CICC,17,17.35,17.64,0.04,0.35,0.64,1,
11/7/2019,Centogene B.V. ,CNTG,SVB Leerink/ Evercore ISI,14,14.1,12.49,-0.11,0.1,-1.51,1,
11/7/2019,Galera Therapeutics ,GRTX,BofA Merrill Lynch/ Citigroup/ Credit Suisse,12,12.5,12,0,0.5,0,2,
11/7/2019,LGL Systems Acquisition ,DFNSU,Jefferies,10,10.03,10.04,0,0.03,0.04,1,
11/7/2019,Silvergate Capital ,SI,"Barclays/ Keefe, Bruyette & Woods (A Stifel Company)",12,12.75,12.52,0.04,0.75,0.52,1,
11/8/2019,36Kr Holdings ,KRKR,Credit Suisse/ CICC,14.5,12.58,13.06,-0.1,-1.92,-1.44,1,
11/8/2019,CNS Pharmaceuticals ,CNSP,Benchmark,4,4.11,4.57,0.14,0.11,0.57,1,
11/8/2019,ECMOHO ,MOHO,UBS Investment Bank/ CICC,10,10.1,10.1,0.01,0.1,0.1,1,
11/8/2019,Juniper Industrial Holdings (JIH.U) (u),JIH.U,UBS Investment Bank,10,10,10,0,0,0,1,
11/8/2019,Stable Road Acquisition ,SRACU,Cantor,10,10.12,10.05,0.01,0.12,0.05,1,
11/8/2019,TELA Bio ,TELA,Jefferies/ Piper Jaffray,13,13.75,13.35,0.03,0.75,0.35,2,
11/11/2019,89bio ,ETNB,BofA Merrill Lynch/ SVB Leerink/ RBC Capital Markets,16,20,20.8,0.3,4,4.8,2,
11/12/2019,YayYo ,YAYO,Aegis Capital/ WestPark Capital,4,4.05,3.55,-0.11,0.05,-0.45,1,
11/19/2019,GreenVision Acquisition ,GRNVU,I-Bankers Securities ,10,10.03,10.03,0,0.03,0.03,1,
11/20/2019,Amplitude Healthcare Acquisition ,AMHCU,BMO Capital Markets/ SVB Leerink,10,9.98,10,0,-0.02,0,1,
11/20/2019,Software Acquisition Group ,SAQNU,B. Riley FBR,10,10.08,10.07,0.01,0.08,0.07,1,
11/21/2019,Canaan ,CAN,Citigroup/ China Renaissance/ CMBI,9,12.6,8.99,0,3.6,-0.01,1,
11/21/2019,SiTime ,SITM,Barclays/ Stifel,13,16.9,18.65,0.43,3.9,5.65,1,Missed
11/22/2019,Alpine Income Property Trust ,PINE,Raymond James/Baird/B. Riley FBR/BMO Capital Markets,19,19,19,0,0,0,1,
11/22/2019,CHP Merger,CHPMU,J.P. Morgan/ Credit Suisse/ Morgan Stanley,10,10.04,10.05,0.01,0.04,0.05,1,
11/22/2019,PropTech Acquisition ,PTACU,Cantor,10,10.1,10.11,0.01,0.1,0.11,1,
11/26/2019,Alussa Energy Acquisition (ALUSU) (u),ALUS.U,BTIG,10,10.03,10.02,0,0.03,0.02,1,
12/5/2019,LMP Automotive Holdings ,LMPX,ThinkEquity (a division of Fordham Financial Management),5,5,5.36,0.07,0,0.36,1,
12/11/2019,LIV Capital Acquisition ,LIVKU,EarlyBirdCapital,10.01,10.01,10.02,0,0,0.01,1,
12/11/2019,XP Inc. ,XP,Goldman Sachs/ J.P. Morgan/ Morgan Stanley/ XP Investments/ Itaú BBA,27,32.75,34.46,0.28,5.75,7.46,3,
12/12/2019,Bill.com Holdings ,BILL,Goldman Sachs/ BofA Securities/ Jefferies/ KeyBanc Capital Markets,22,37.5,35.5,0.61,15.5,13.5,3,
12/12/2019,EHang Holdings,EH,Morgan Stanley/ Credit Suisse,12.5,12.55,12.49,0,0.05,-0.01,1,
12/13/2019,CIIG Merger,CIICU,UBS Investment Bank/ Barclays,10,10.02,10.18,0.02,0.02,0.18,1,
12/13/2019,Healthcare Merger,HCCOU,Cantor,10,10.16,10.3,0.03,0.16,0.3,1,
12/13/2019,OneConnect Financial Technology ,OCFT,Morgan Stanley/ Goldman Sachs (Asia)/ J.P. Morgan/ Ping An of China Securities (Hong Kong),10,10.51,10,0,0.51,0,1,
12/13/2019,Sprout Social ,SPT,Goldman Sachs/ Morgan Stanley,17,18.05,16.6,-0.02,1.05,-0.4,2,
12/19/2019,Indonesia Energy ,INDO,Maxim Group,11,11,10.5,-0.05,0,-0.5,1,
12/19/2019,Monopar Therapeutics ,MNPR,JonesTrading,8,8.35,26.5,2.31,0.35,18.5,1,
12/30/2019,Molecular Data ,MKD,AMTD/ Fosun Hani/ Boustead Securities,5.38,6,5.46,0.01,0.62,0.08,N/C,
1/10/2018,Nebula Acquisition ,NEBUU,Deutsche Bank Securities/ Goldman Sachs,10,10.03,10.02,0,0.03,0.02,1,
1/12/2018,Industrial Logistics Properties Trust ,ILPT,UBS Investment Bank/ Citigroup/ RBC Capital Markets,24,23.7,23.35,-0.03,-0.3,-0.65,1,
1/12/2018,Liberty Oilfield Services ,LBRT,"Morgan Stanley/ Goldman, Sachs/ Wells Fargo Securities/ Citigroup/ J.P. Morgan/ Evercore ISI",17,21.2,21.75,0.28,4.2,4.75,2,
1/12/2018,Platinum Eagle Acquisition ,EAGLU,Deutsche Bank Securities/ BofA Merrill Lynch,10,10.06,10.01,0,0.06,0.01,1,
1/24/2018,PagSeguro Digital Ltd. ,PAGS,Goldman Sachs/ Morgan Stanley,21.5,28.2,29.2,0.36,6.7,7.7,3,
1/25/2018,Eyenovia  ,EYEN,Ladenburg Thalmann/ Roth Capital Partners​,10,10,9.92,-0.01,0,-0.08,1,
1/25/2018,Gates Industrial Corporation plc ,GTES,Citigroup/ Morgan Stanley/ UBS Investment Bank,19,19.05,18.5,-0.03,0.05,-0.5,1,
1/25/2018,Gordon Pointe Acqusition ,GPAQU,B. Riley FBR,10,10,10,0,0,0,1,
1/25/2018,Menlo Therapeutics ,MNLO,Jefferies/ Piper Jaffray/ Guggenheim Securities,17,20.5,28.71,0.69,3.5,11.71,2,
1/26/2018,ARMO BioSciences ,ARMO,Jefferies/ Leerink Partners/ BMO Capital Markets,17,28,29.74,0.75,11,12.74,2,
1/26/2018,PlayAGS ,AGS,Credit Suisse/ Deutsche Bank Securities/ Jefferies/ Macquarie Capital/ BofA Merrill Lynch/ Citigroup/ Nomura/ Stifel/ SunTrust Robinson Humphrey,16,14,18.5,0.16,-2,2.5,1,
1/26/2018,resTORbio ,TORC,BofA Merrill Lynch/ Leerink Partners/ Evercore ISI,15,18.62,16.58,0.11,3.62,1.58,2,
1/26/2018,Solid Biosciences ,SLDB,J.P. Morgan/ Goldman Sachs/ Leerink Partners,16,25.5,22.62,0.41,9.5,6.62,3,
1/30/2018,MTech Acquisition ,MTECU,EarlyBirdCapital,10,10.01,10.07,0.01,0.01,0.07,1,
2/1/2018,One Stop Systems ,OSS,Roth Capital Partners,5,5.55,4.88,-0.02,0.55,-0.12,1,
2/1/2018,Corporación América Air. ,CAAP,Oppenheimer & Co.,17,17,16.4,-0.04,0,-0.6,1,
2/1/2018,Hudson Ltd. ,HUD,Credit Suisse/ Morgan Stanley/ UBS Investment Bank,19,17.95,17.6,-0.07,-1.05,-1.4,2,Missed
2/1/2018,Sol-Gel Technologies ,SLGL,​Jefferies/ BMO Capital Markets​,12,15.33,13.64,0.14,3.33,1.64,2,
2/2/2018,FTS International ,FTSI,Credit Suisse/ Morgan Stanley,18,19,20.61,0.15,1,2.61,3,
2/8/2018,Cactus ,WHD,Citigroup/ Credit Suisse,19,21.1,20.25,0.07,2.1,1.25,2,
2/8/2018,Evolus ,EOLS,Cantor/ Mizuho Securities,12,11.2,11.5,-0.04,-0.8,-0.5,1,
2/8/2018,Huami Corporation ,HMI,Credit Suisse/ Citigroup/ China Renaissance,11,12,11.25,0.02,1,0.25,1,
2/8/2018,Mudrick Capital Acquisition ,MUDSU,Cantor,10,10,10,0,0,0,1,
2/8/2018,Victory Capital Holdings ,VCTR,J.P. Morgan/ BofA Merrill Lynch/ Morgan Stanley Barclays/ Goldman Sachs/ RBC Capital Markets,13,12.25,11.6,-0.11,-0.75,-1.4,1,
2/9/2018,Cardlytics ,CDLX,BofA Merrill Lynch/ J.P. Morgan,13,12.1,13.37,0.03,-0.9,0.37,2,Missed
2/9/2018,Quintana Energy Services ,QES,BofA Merrill Lynch/ Simmons & Company International (Energy Specialists of Piper Jaffray),10,9,9,-0.1,-1,-1,1,
2/13/2018,Leo Holdings ,LHC.U,Citigroup,10,10,9.93,-0.01,0,-0.07,1,
2/14/2018,Motus GI Holdings ,MOTS,Piper Jaffray/ Oppenheimer,5,5,4.38,-0.12,0,-0.62,1,
2/16/2018,DFB Healthcare Acquisitions (DFBHU) (u),DFBHU,Goldman Sachs/ Deutsche Bank Securities,10,10,10,0,0,0,1,
2/16/2018,Farmmi,FAMI,ViewTrade Securities,4,4.4,6.18,0.55,0.4,2.18,N/C,
2/28/2018,Union Acquisition ,LTN.U,Ladenburg Thalmann/ Brookline Capital Markets,10,10.01,10.01,0,0.01,0.01,1,
3/8/2018,BioXcel Therapeutics ,BTAI,Barclays/ UBS Investment Bank/ BMO Capital Markets,11,11.02,11.03,0,0.02,0.03,1,
3/14/2018,Bridgewater Bancshares ,BWB,Sandler O'Neill & Partners/ D.A. Davidson,11.75,12.66,12.62,0.07,0.91,0.87,2,
3/14/2018,Opes Acquisition ,OPESU,EarlyBirdCapital,10,10.03,10.02,0,0.03,0.02,1,
3/15/2018,Arcus Biosciences ,RCUS,Citigroup/ Goldman Sachs/ Leerink Partners,15,20,17,0.13,5,2,3,
3/16/2018,Senmiao Technology ,AIHS,ViewTrade Securities,4,5.51,5.56,0.39,1.51,1.56,1,Missed
3/16/2018,Tiberius Acquisition ,TIBRU,Cantor/ Dowling & Partners Securities,10,10.01,10.02,0,0.01,0.02,1,
3/16/2018,Zscaler ,ZS,Morgan Stanley/ Goldman Sachs,16,27.5,33,1.06,11.5,17,3,
3/20/2018,Golden Bull,DNJR,ViewTrade Securities,4,5.2,4.62,0.16,1.2,0.62,N/C,
3/23/2018,Dropbox ,DBX,Goldman Sachs/ J.P. Morgan/ Deutsche Bank Securities/ Allen & Company/ BofA Merrill Lynch,21,29,28.48,0.36,8,7.48,3,
3/23/2018,Sunlands Online Education Group ,STG,Goldman Sachs (Asia)/ J.P. Morgan/ Credit Suisse,11.5,13.1,11.1,-0.03,1.6,-0.4,1,
3/27/2018,GreenTree Hospitality Group ,GHG,Morgan Stanley/ BofA Merrill Lynch/ UBS Securities,14,14.4,13,-0.07,0.4,-1,1,
3/28/2018,Bilibili ,BILI,Morgan Stanley/ BofA Merrill Lynch/ J.P. Morgan,11.5,9.8,11.24,-0.02,-1.7,-0.26,3,Missed
3/28/2018,Homology Medicines ,FIXX,BofA Merrill Lynch/ Cowen/ Evercore ISI,16,23,18.66,0.17,7,2.66,3,
3/28/2018,OneSmart International Education Group ,ONE,Morgan Stanley/ Deutsche Bank Securities,11,11,10.8,-0.02,0,-0.2,1,
3/29/2018,Genprex ,GNPX,Network 1 Financial Securities,5,4.64,4.7,-0.06,-0.36,-0.3,1,
3/29/2018,iQIYI,IQ,Goldman Sachs (Asia)/ Credit Suisse/ BofA Merrill Lynch,18,18.2,15.55,-0.14,0.2,-2.45,2,Missed
3/29/2018,Unum Therapeutics ,UMRX,Morgan Stanley/ Cowen,12,11.75,11.11,-0.07,-0.25,-0.89,2,Missed
4/12/2018,Zuora ,ZUO,Goldman Sachs/ Morgan Stanley/ Allen & Company/ Jefferies,14,20,20,0.43,6,6,3,
4/13/2018,Pure Acquisition ,PACQU,Oppenheimer/ EarlyBirdCapital,10,10.1,10.12,0.01,0.1,0.12,1,
4/19/2018,GrafTech International Ltd. ,EAF,J.P. Morgan/ Credit Suisse,10,10.1,10.12,0.01,0.1,0.12,1,
4/19/2018,Surface Oncology ,SURF,Goldman Sachs/ Cowen/ Evercore ISI,15,14.75,13.55,-0.1,-0.25,-1.45,3,Missed
4/20/2018,Level One Bancorp ,LEVL,"Raymond James/ Keefe, Bruyette & Woods (A Stifel Company)",28,29,29.26,0.05,1,1.26,2,
4/20/2018,Pivotal Software ,PVTL,Morgan Stanley/ Goldman Sachs/ Citigroup,15,16.75,15.73,0.05,1.75,0.73,2,
4/26/2018,Ceridian HCM Holding,CDAY,Goldman Sachs/ J.P. Morgan/ Credit Suisse/ Deutsche Bank Securities,21,28.9,31.21,0.49,7.9,10.21,3,
4/26/2018,nLIGHT ,LASR,Stifel/ Raymond James,16,23,26.95,0.68,7,10.95,3,
4/27/2018,DocuSign,DOCU,Morgan Stanley/ J.P. Morgan,29,38,39.73,0.37,9,10.73,3,
4/27/2018,Goosehead Insurance ,GSHD,J.P. Morgan/ BofA Merrill Lynch,10,12,15.75,0.58,2,5.75,1,
4/27/2018,Smartsheet,SMAR,Morgan Stanley/ J.P. Morgan/ Jefferies/ RBC Capital Markets,15,18.4,19.5,0.3,3.4,4.5,3,
5/2/2018,PermRock Royalty Trust ,PRT,Wells Fargo Securities/ Goldman Sachs/ UBS Investment Bank,17,17,15.5,-0.09,0,-1.5,1,
5/3/2018,Inspire Medical Systems ,INSP,BofA Merrill Lynch/ Goldman Sachs,16,24.49,24.98,0.56,8.49,8.98,3,
5/3/2018,Unity Biotechnology ,UBX,Goldman Sachs/ Morgan Stanley/ Citigroup,17,19,16.65,-0.02,2,-0.35,1,
5/4/2018,Carbon Black,CBLK,Morgan Stanley/ J.P. Morgan,19,24.7,23.94,0.26,5.7,4.94,3,
5/4/2018,Construction Partners ,ROAD,Baird/ Raymond James/ Stephens,12,13,12.1,0.01,1,0.1,1,
5/4/2018,Spirit of Texas Bancshares ,STXB,"Stephens/ Keefe, Bruyette & Woods (A Stifel Company)",21,22,21.85,0.04,1,0.85,2,
5/9/2018,Evelo Biosciences ,EVLO,Morgan Stanley/ Cowen/ BMO Capital Markets,16,16,16.25,0.02,0,0.25,3,Missed
5/9/2018,Origin Bancorp ,OBNK,Stephens/ Raymond James,34,36.25,37.16,0.09,2.25,3.16,2,
5/10/2018,AXA Equitable Holdings ,EQH,Morgan Stanley/ J.P. Morgan/ Citigroup,20,19.75,20.34,0.02,-0.25,0.34,1,
5/11/2018,HUYA ,HUYA,Credit Suisse/ Goldman Sachs (Asia)/ UBS Investment Bank,12,15.5,16.06,0.34,3.5,4.06,2,
5/15/2018,Trinity Merger,TMCXU,B. Riley FBR,10,10,10.01,0,0,0.01,1,
5/16/2018,VectoIQ Acquisition ,VTIQU,Cowen/ Chardan,10,10,10,0,0,0,1,
5/17/2018,Pluralsight ,PS,Morgan Stanley/ J.P. Morgan/ Barclays/ BofA Merrill Lynch,15,20,20,0.33,5,5,3,
5/23/2018,EVO Payments ,EVOP,J.P. Morgan/ BofA Merrill Lynch/ Citigroup/ Deutsche Bank Securities/ SunTrust Robinson Humphrey/ Barclays/ Cowen/ Goldman Sachs/ Regions Securities/ William Blair,14,20.5,19.02,0.36,6.5,5.02,3,
5/24/2018,CLPS Incorporation ,CLPS,Benchmark/ Cuttone,5.25,5.75,5.51,0.05,0.5,0.26,N/C,
5/24/2018,GreenSky ,GSKY,Goldman Sachs/ J.P. Morgan/ Morgan Stanley/ BofA Merrill Lynch/ Citigroup/ Credit Suisse/ SunTrust Robinson Humphrey,23,22.15,23.36,0.02,-0.85,0.36,3,Missed
5/24/2018,Kiniksa Pharmaceuticals ,KNSA,Goldman Sachs/ J.P. Morgan,18,24.45,19.47,0.08,6.45,1.47,3,
5/24/2018,Scholar Rock Holding ,SRRK,Jefferies/ Cowen/ BMO Capital Markets,14,14.25,15.5,0.11,0.25,15,1,
5/25/2018,Iterum Therapeutics plc ,ITRM,Leerink Partners/ RBC Capital Markets,13,12.7,12.85,-0.01,-0.3,-0.15,1,
5/30/2018,Trident Acquisitions ,TDACU,Chardan,10,10.01,10.03,0,0.01,0.03,1,
6/8/2018,MeiraGTx Holdings plc ,MGTX,BofA Merrill Lynch/ Barclays/ Evercore ISI,15,15.1,15,0,0.1,0,1,
6/12/2018,Far Point Acquisition ,FPAC.U,Credit Suisse/ BofA Merrill Lynch,10,10.15,10.16,0.02,0.15,0.16,1,
6/14/2018,Charah Solutions ,CHRA,Morgan Stanley/ BoA Merrill Lynch/ Stife,12,11.75,12,0,-0.25,0,1,
6/14/2018,U.S. Xpress Enterprises (USX),USX,BofA Merrill Lynch/ Morgan Stanley/ J.P. Morgan/ Wells Fargo Securities,16,16.3,16.68,0.04,0.3,0.68,1,
6/15/2018,Avalara ,AVLR,Goldman Sachs/ J.P. Morgan Securities/ BofA Merrill Lynch,24,35,44.94,0.87,11,20.94,3,
6/15/2018,Puxin Ltd. ,NEW,Citigroup/ Deutsche Bank Securities/ Barclays/ Haitong International/ CICC,17,17,21,0.24,0,4,1,
6/15/2018,Verrica Pharmaceuticals ,VRCA,BofA Merrill Lynch/ Jefferies/ Cowen,15,20,17.5,0.17,5,2.5,1,
6/19/2018,Thunder Bridge Acquisition ,TBRGU,Cantor/ CLSA,10,10.05,10.05,0.01,0.05,0.05,1,
6/20/2018,Eidos Therapeutic ,EIDX,J.P. Morgan/ BofA Merrill Lynch,17,20,23.12,0.36,3,6.12,2,
6/20/2018,LF Capital Acquisition ,LFACU,B. Riley FBR/ Raymond James,10,10.02,10,0,0.02,0,1,
6/20/2018,Twelve Seas ,TWLVU,EarlyBirdCapital,10,10.02,10.06,0.01,0.02,0.06,1,
6/21/2018,Aptinyx ,APTX,J.P. Morgan/ Cowen/ Leerink Partners/ BMO Capital Markets,16,17.4,22.2,0.39,1.4,6.2,2,
6/21/2018,AVROBIO ,AVRO,Morgan Stanley/ Cowen/ Wells Fargo Securities,19,29.25,31.2,0.64,10.25,12.2,2,
6/21/2018,Essential Properties ,EPRT,Goldman Sachs/ Citigroup/ Barclays,14,13.49,13.64,-0.03,-0.51,-0.36,1,
6/21/2018,i3 Verticals ,IIIV,Cowen/ Raymond James/ KeyBanc Capital Markets,13,18,18.35,0.41,5,5.35,3,
6/21/2018,Kezar Life Sciences ,KZR,Jefferies/ Cowen/ Wells Fargo Securities/ William Blair,15,20,17.5,0.17,5,2.5,2,
6/21/2018,Magenta Therapeutics ,MGTA,J.P. Morgan/ Goldman Sachs/ Cowen,15,15.5,14.52,-0.03,0.5,-0.48,2,
6/21/2018,Xeris Pharmaceuticals ,XERS,Jefferies/ Leerink Partners/ RBC Capital Markets,15,15.75,20.22,0.35,0.75,5.22,2,
6/22/2018,Autolus Therapeutics ,AUTL,Goldman Sachs/ Jefferies,17,28,25,0.47,11,8,3,
6/22/2018,Electrocore ,ECOR,Evercore ISI/Cantor/JMP Securities,15,18,19.85,0.32,3,4.85,1,Missed
6/27/2018,HyreCar ,HYRE,Network 1 Financial Securities,5,5.55,5.1,0.02,0.55,0.1,1,
6/27/2018,Lovesac Co. ,LOVE,Roth Capital Partners,16,25,23.99,0.5,9,7.99,2,
6/27/2018,Neon Therapeutics ,NTGN,Morgan Stanley/ BofA Merrill Lynch/ Mizuho Securities,16,16,15,-0.06,0,-1,1,Missed
6/27/2018,Uxin Limited ,UXIN,Morgan Stanley/ Goldman Sachs (Asia)/ J.P. Morgan/ CICC/ China Renaissance,9,10.4,9.67,0.07,1.4,0.67,1,
6/28/2018,BJ’s Wholesale Club Holdings ,BJ,BofA Merrill Lynch/ Deutsche Bank Securities/ Goldman Sachs/ J.P. Morgan,17,21.25,22,0.29,4.25,5,3,
6/28/2018,BrightView Holdings ,BV,Goldman Sachs/ J.P. Morgan/ KKR/ UBS Investment Bank/ Baird/ Credit Suisse/ Macquarie Capital/ Jefferies/ Mizuho Securities/ Morgan Stanley/ RBC Capital Markets,22,21.25,21.4,-0.03,-0.75,-0.6,2,Missed
6/28/2018,Entera Bio Ltd. ,ENTX,Maxim Group ,8,7.3,6.28,-0.22,-0.7,-1.72,N/C,
6/28/2018,Entera Bio Ltd. ,ENTXW,Maxim Group ,0,0.96,0.81,,0.96,0.81,N/C,
6/28/2018,EverQuote ,EVER,J.P. Morgan/ BofA Merrill Lynch,18,21.15,18.02,0.11%,3.15,0.02,3,
6/28/2018,Forty Seven ,FTSV,Morgan Stanley/ Credit Suisse,16,15.01,15.05,-5.94%,-0.99,-0.95,2,Missed
6/28/2018,HL Acquisitions ,HCCHU,EarlyBirdCapital,10,10.05,10.07,0.70%,0.05,0.07,1,
6/28/2018,Neuronetics ,STIM,Piper Jaffray/ William Blair,17,25,27.78,63.41%,8,10.78,3,
6/28/2018,New Frontier ,NFC.U,​Credit Suisse/ UBS Investment Bank​,10,10.05,10.03,0.30%,0.05,0.03,1,
6/28/2018,Translate Bio ,TBIO,Citigroup/ Leerink Partners/ Evercore ISI,13,11.5,11.52,-11.38%,-1.5,-1.48,2,Missed
6/28/2018,Tricida,TCDA,Goldman Sachs/ J.P. Morgan/ Cowen,19,25,26,36.84%,6,7,3,
6/29/2018,Domo ,DOMO,Morgan Stanley/ Allen & Company/ Credit Suisse/ UBS Securities,21,23.8,27.3,30.00%,2.8,6.3,2,
7/3/2018,Allegro Merger ,ALGRU,Cantor,10,10.06,10.05,0.50%,0.06,0.05,1,
7/18/2018,Coastal Financial ,CCB,"Keefe, Bruyette & Woods (A Stifel Company)/ Hovde Group",14.5,16.25,16.4,13.10%,1.75,1.9,2,
7/18/2018,Crinetics Pharmaceuticals ,CRNX,J.P. Morgan/ Leerink Partners/ Piper Jaffray,17,19.25,24.51,44.18%,2.25,7.51,2,
7/18/2018,Rubius Therapeutics ,RUBY,J.P. Morgan/ Morgan Stanley/ Jefferies/ Leerink Partners,23,30.51,24.25,5.43%,7.51,1.25,3,
7/19/2018,Allakos ,ALLK,Goldman Sachs/ Jefferies,18,27.2,31.25,73.61%,9.2,13.25,3,
7/19/2018,Constellation Pharmaceuticals ,CNST,J.P. Morgan/ Jefferies/ BMO Capital Markets,15,11.48,11.5,-23.33%,-3.52,-3.5,2,Missed
7/19/2018,Establishment Labs Holdings ,ESTA,Jefferies/ Cowen,18,26,24.75,37.50%,8,6.75,3,
7/19/2018,First Western Financial ,MYFW,"Keefe, Bruyette & Woods (A Stifel Company)/ Stephens",19,20.75,19.7,3.68%,1.75,0.7,2,
7/19/2018,Tilray ,TLRY,Cowen and Company,17,23.05,22.39,31.71%,6.05,5.39,3,
7/20/2018,Replimune Group ,REPL,J.P. Morgan/ Leerink Partners/ BMO Capital Market,15,16,15.16,1.07%,1,0.16,2,
7/25/2018,Aquestive Therapeutics ,AQST,BMO Capital Markets/ RBC Capital Markets,15,15.05,16.5,10.00%,0.05,1.5,2,
7/25/2018,Bloom Energy ,BE,J.P. Morgan/ Morgan Stanley/ Credit Suisse/ KeyBanc Capital Markets/ BofA Merrill Lynch,15,18.7,25,66.67%,3.7,10,2,
7/25/2018,Greenland Acquisition ,GLACU,Chardan,10,10.11,10.12,1.20%,0.11,0.12,1,
7/25/2018,Aurora Mobile Limited ,JG,Goldman Sachs (Asia)/ Credit Suisse/ Deutsche Bank Securities,8.5,9,8.8,3.53%,0.5,0.3,1,
7/26/2018,Cango ,CANG,Morgan Stanley/ BofA Merrill Lynch/ Goldman Sachs (Asia),11,12.5,12.52,13.82%,1.5,1.52,1,
7/26/2018,Focus Financial Partners ,FOCS,Goldman Sachs/ BofA Merrill Lynch/ KKR/ BMO Capital Markets/ RBC Capital Markets/ SunTrust Robinson Humphrey,33,35.9,37.55,13.79%,2.9,4.55,1,
7/26/2018,Liquidia Technologies ,LQDA,Jefferies/ Cowen,11,12.45,11.1,0.91%,1.45,0.1,3,
7/26/2018,Pinduoduo ,PDD,Credit Suisse/ Goldman Sachs (Asia)/ CICC,19,26.5,26.7,40.53%,7.5,7.7,3,
7/26/2018,Tenable Holdings ,TENB,Morgan Stanley/ J.P. Morgan/ Allen & Company/ Deutsche Bank Securities,23,33,30.25,31.52%,10,7.25,3,
7/27/2018,Adial Pharmaceuticals ,ADIL,Joseph Gunnar & Co.,5,4,4.05,-19.00%,-1,-0.95,1,
7/27/2018,Adial Pharmaceuticals ,ADILW,Joseph Gunnar & Co.,0,0.65,0.65,0.00%,0.65,0.65,1,
7/27/2018,Endava ,DAVA,Morgan Stanley/ Citigroup/ Credit Suisse/ Deutsche Bank Securities,20,25,25.2,26.00%,5,5.2,2,
7/27/2018,Opera Ltd ,OPRA,CICC/ Citigroup,12,14.34,13.11,9.25%,2.34,1.11,3,
8/2/2018,Cushman & Wakefield plc ,CWK,Morgan Stanley/ J.P. Morgan/ Goldman Sachs/ UBS Securities,17,18,17.81,4.76%,1,0.81,1,
8/2/2018,Sonos ,SONO,Morgan Stanley/ Goldman Sachs/ Allen & Company,15,16,19.91,32.73%,1,4.91,2,
8/2/2018,Tottenham Acquisition I ,TOTAU,Chardan,10,10.13,10.13,1.30%,0.13,0.13,1,
8/3/2018,Arlo Technologies ,ARLO,BofA Merrill Lynch/ Deutsche Bank Securities/ Guggenheim Securities,16,18.5,22.1,38.13%,2.5,6.1,2,
8/3/2018,Forum Merger II ,FMCIU,Jefferies,10,10,9.95,-0.50%,0,-0.05,1,
8/9/2018,Vaccinex ,VCNX,Oppenheimer/ BTIG,12,12,11.38,-5.17%,0,-0.62,1,
8/10/2018,Mesa Air Group ,MESA,Raymond James/ BofA Merrill Lynch,12,12,11.75,-2.08%,0,-0.25,1,
8/10/2018,Spartan Energy Acquisition ,SPAQ.U,Citigroup/ Credit Suisse,10,10.1,10.07,0.70%,0.1,0.07,1,
8/14/2018,Aridis Pharmaceuticals ,ARDS,Cantor,13,13.02,13,0.00%,0.02,0,1,
8/16/2018,TKK Symphony Acquisition ,TKKSU,EarlyBirdCapital,10,10.08,10.04,0.40%,0.08,0.04,1,
8/21/2018,Bionano Genomics ,BNGOU,Roth Capital Partners,6.13,6,6.15,0.41%,-0.13,0.03,1,
8/21/2018,Tenzing Acquisition ,TZACU,Maxim Group,10,10.01,10.03,0.30%,0.01,0.03,1,
8/24/2018,Megalith Financial Acquisition ,MFACU,Chardan/ BTIG,10,10.01,10.02,0.20%,0.01,0.02,1,
8/29/2018,Longevity Acquisition ,LOACU,Cantor,10,10.12,10.13,1.30%,0.12,0.13,1,
9/7/2018,Churchill Capital ,CCC.U,Citigroup,10,10.02,10.05,0.50%,0.02,0.05,1,
9/5/2018,Gores Holdings III ,GRSHU,Deutsche Bank Securities,10,10.17,10.15,1.50%,0.17,0.15,1,
9/12/2018,"111, Inc. ",YI,J.P. Morgan/ Citigroup/ CICC,14,16.75,13.8,-1.43%,2.75,-0.2,1,
9/12/2018,NIO Inc. ,NIO,Morgan Stanley/ Goldman Sachs (Asia)/ J.P. Morgan,6.26,6,6.6,5.43%,-0.26,0.34,1,
9/14/2018,FVCBankcorp ,FVCB,Sandler O'Neill + Partners/ Raymond James,20,21.2,20,0.00%,1.2,0,2,
9/14/2018,Principia Biopharma ,PRNB,BofA Merrill Lynch/ Leerink Partners/ Wells Fargo Securities,17,25.66,32.65,92.06%,8.66,15.65,3,
9/14/2018,Qutoutiao,QTT,Citigroup/ Deutsche Bank  Securities,7,9.1,15.97,128.14%,2.1,8.97,1,Missed
9/19/2018,X Financial ,XYF,Deutsche Bank Securities/ Morgan Stanley,9.5,15,11.97,26.00%,5.5,2.47,1,Missed
9/20/2018,Bank7 ,BSVN,"Keefe, Bruyette & Woods (A Stifel Company)/ Stephens",19,20,19.09,0.47%,1,0.09,2,
9/20/2018,Elanco Animal Health ,ELAN,Goldman Sachs/ J.P. Morgan/ Morgan Stanley,24,32.25,36,50.00%,8.25,12,3,
9/20/2018,Eventbrite ,EB,Goldman Sachs/ J.P. Morgan/ Allen & Company/ RBC Capital Markets,23,36,36.5,58.70%,13,13.5,3,
9/21/2018,Farfetch ,FTCH,Goldman Sachs/ J.P. Morgan/ Allen & Company/ UBS Investment Bank,20,27,28.45,42.25%,7,8.45,3,
9/21/2018,Y-mAbs Therapeutics ,YMAB,BofA Merrill Lynch/ Cowen/ Canaccord Genuity,16,26.5,24,50.00%,10.5,8,2,
9/25/2018,Viomi Technology ,VIOT,Morgan Stanley/ CICC,9,9.5,9.08,0.89%,0.5,0.08,1,
9/26/2018,Arco Platform ,ARCE,Goldman Sachs/ Morgan Stanley/ Itaú BBA/ BofA Merrill Lynch,17.5,24.5,23.5,34.29%,7,6,2,
9/26/2018,Capital Bancorp ,CBNK,"Keefe, Bruyette & Woods (A Stifel Company)/ Stephens",12.5,13,12.8,2.40%,0.5,0.3,2,
9/26/2018,Entasis Therapeutics Holding ,ETTX,Credit Suisse/ BMO Capital Markets,15,13.45,10.66,-28.93%,-1.55,-4.34,2,Missed
9/26/2018,SVMK (SurveyMonkey),SVMK,J.P. Morgan/ Allen & Company/ BofA Merrill Lynch,12,18.75,17.24,43.67%,6.75,5.24,3,
9/26/2018,Viomi Technology ,VIOT,Morgan Stanley/ CICC,9,9.5,9.05,0.56%,0.5,0.05,1,
9/27/2018,Arvinas ,ARVN,Goldman Sachs/ Citigroup/ Piper Jaffray,16,21,16.05,0.31%,5,0.05,2,Missed
9/27/2018,LAIX ,LAIX,Morgan Stanley/ Goldman Sachs (Asia),12.5,16,12.62,0.96%,3.5,0.12,2,
9/27/2018,Ra Medical ,REMED,Piper Jaffray/ Cantor,17,21.5,20,17.65%,4.5,3,2,
9/27/2018,Sutro Biopharma ,STRO,Cowen/ Piper Jaffray,15,15.12,15.2,1.33%,0.12,0.2,3,Missed
9/27/2018,Urovant Sciences ,UROV,J.P. Morgan/ Jefferies/ Cowen,14,10.5,11.65,-16.79%,-3.5,-2.35,2,Missed
9/28/2018,CooTek ,CTK,Credit Suisse/ BofA Merrill Lych/ Citigroup,12,11.5,9.44,-21.33%,-0.5,-2.56,2,Missed
9/28/2018,Gritstone Oncology,GRTS,Goldman Sachs/ Cowen/ Barclays,15,15.2,14.24,-5.07%,0.2,-0.76,2,Missed
10/3/2018,Upwork ,UPWK,Citigroup/ Jefferies/ RBC Capital Markets,15,23,21.18,41.20%,8,6.18,3,
10/4/2018,Guardant Health ,GH,J.P. Morgan/ BofA Merrill Lynch,19,27.75,32.2,69.47%,8.75,13.2,3,
10/4/2018,Kodiak Sciences ,KOD,Morgan Stanley/ BofA Merrill Lynch,10,10,10.16,1.60%,0,0.16,1,
10/5/2018,ARYA Sciences Acquisition ,ARYAU,Jefferies,10,10.16,10.17,1.70%,0.16,0.17,1,
10/5/2018,ChaSerg Technology Acquisition ,CTACU,Cantor,10,10.04,10.04,0.40%,0.04,0.04,1,
10/5/2018,Collier Creek Holdings ,CCH.U,Citigroup/ Credit Suisse/ BofA Merrill Lynch​,10,10.18,10.15,1.50%,0.18,0.15,1,
10/5/2018,EdtechX Holdings Acquisition ,EDTXU,Chardan/ I-Bankers,10,10.03,10.03,0.30%,0.03,0.03,1,
10/5/2018,Elastic N.V. ,ESTC,Goldman Sachs/ J.P. Morgan/ Barclays/  RBC Capital Markets,36,70,70,94.44%,34,34,3,
10/11/2018,Allogene Therapeutics ,ALLO,Goldman Sachs/ J.P. Morgan/ Cowen/ Jefferies,18,22,25,38.89%,4,7,3,
10/11/2018,Livent ,LTHM,BofA Merrill Lynch/ Goldman Sach/ Credit Suisse,17,16.25,16.97,-0.18%,-0.75,-0.03,1,
10/12/2018,Anaplan ,PLAN,Goldman Sachs/ Morgan Stanley/ Barclays,17,24.25,24.3,42.94%,7.25,7.3,3,
10/12/2018,DD3 Acquisition ,DDMXU,EarlyBirdCapital,10,10.02,10.01,0.10%,0.02,0.01,1,
10/12/2018,Equillium ,EQ,Jefferies/ Leerink Partners/ Stifel,14,14.25,14,0.00%,0.25,0,2,Missed
10/16/2018,Graf Industrial ,GRAF.U,EarlyBirdCapital/ Oppenheimer,10,10.01,10,0.00%,0.01,0,1,
10/17/2018,SI-BONE ,SIBN,Morgan Stanley/ BofA Merrill Lynch,15,21,20.06,33.73%,6,5.06,2,
10/18/2018,Osmotica Pharmaceuticals plc (OSMT),OSMT,Jefferies/ Barclays/ RBC Capital Markets,7,9,8.15,16.43%,2,1.15,1,
10/18/2018,PhaseBio Pharmaceuticals,PHAS,Citigroup/ Cowen/ Stifel,5,5,5,0.00%,0,0,1,
10/18/2018,Studio City International Holdings ,MSC,Deutsche Bank Securities/ Credit Suisse/ Morgan Stanley,12.5,16.5,15.5,24.00%,4,3,1,Missed
10/19/2018,LogicBio Therapeutics ,LOGC,Jefferies/ Barclays/ William Blair,10,10.71,11.5,15.00%,0.71,1.5,1,
10/19/2018,Niu Technologies ,NIU,Credit Suisse/ Citigroup,9,8.5,8.65,-3.89%,-0.5,-0.35,1,
10/19/2018,SolarWinds ,SWI,Goldman Sachs/ J.P. Morgan/ Morgan Stanley/ Credit Suisse,15,15.3,15.03,0.20%,0.3,0.03,1,
10/24/2018,Alberton Acquisition ,ALACU,Chardan,10,10.03,10,0.00%,0.03,0,1,
10/25/2018,Pintec Technology Holdings ,PT,Goldman Sachs (Asia)/ Deutsche Bank Securities/ Citigroup,11.88,14.35,12.49,5.13%,2.47,0.61,N/C,
10/25/2018,StoneCo Ltd. ,STNE,Goldman Sachs/ J.P. Morgan/ Citigroup,24,32,31.35,30.63%,8,7.35,3,
10/25/2018,YETI Holdings ,YETI,BofA Merrill Lynch/ Morgan Stanley/ Jefferies,18,16.75,17,-5.56%,-1.25,-1,1,
10/26/2018,Gamida Cell Ltd. ,GMDA,BMO Capital Markets/ RBC Capital Markets,8,8.3,8.44,5.50%,0.3,0.44,1,
10/31/2018,Axonics Modulation Technologies ,AXNX,BofA Merrill Lynch/ Morgan Stanley,15,16.05,14.98,-0.13%,1.05,-0.02,2,
10/31/2018,Orchard Rx ,ORTX,J.P. Morgan/ Goldman Sachs/ Cowen,14,17,14,0.00%,3,0,1,
10/31/2018,Twist Bioscience,TWST,J.P. Morgan/ Cowen,14,13,14,0.00%,-1,0,2,Missed
11/7/2018,CNFinance Holdings ,CNF,Roth Capital Partners/ Shenwan Hogyuan ,7.5,7.61,7.6,1.33%,0.11,0.1,2,Missed
11/9/2018,ToughBuilt Industries ,TBLTU,Maxim Group/ Joseph Gunnar,5,4.9,4.82,-3.60%,-0.1,-0.18,1,
11/13/2018,Eton Pharmaceutical ,ETON,National Securities,6,6.39,6.25,4.17%,0.39,0.25,1,
11/14/2018,Vapotherm ,VAPO,BofA Merrill Lynch/ William Blair,14,15.5,16,14.29%,1.5,2,1,Missed
11/15/2018,Bain Capital Specialty Finance ,BCSF,"BofA Merrill Lynch/ Goldman Sachs/ Morgan Stanley/ Citigroup/ Credit Suisse/ Keefe, Bruyette & Woods (A Stifel Company)/ Wells Fargo Securities",20.25,18,18,-11.11%,-2.25,-2.25,1,
11/15/2018,Weidai Ltd. ,WEI,Morgan Stanley/ Credit Suisse/​ Citigroup,10,10.5,10.25,2.50%,0.5,0.25,1,
11/16/2018,AMCI Acquisition ,AMCIU,Jefferies,10,10,10,0.00%,0,0,1,
11/16/2018,Boxwood Merger ,BWMCU,BofA Merrill Lynch/ Morgan Stanley/ Macquarie Capital,10,10,10,0.00%,0,0,1,
11/16/2018,Fintech Acquisition Corp. III ,FTACU,Cantor,10,10.06,10.04,0.40%,0.06,0.04,1,
11/20/2018,TuanChe Limited  ,TC,Maxim Group/ AMTD Tiger,7.8,7.5,7.83,0.38%,-0.3,0.03,1,
11/28/2018,Medalist Diversified REIT ,MDRR,Maxim Group LLC,10,9.5,9.4,-6.00%,-0.5,-0.6,1,
12/6/2018,MOGU ,MOGU,Morgan Stanley/ Credit Suisse/ China Renaissance Securities,14,12,14,0.00%,-2,0,1,
12/7/2018,Moderna ,MRNA,Morgan Stanley/ Goldman Sachs/ J.P. Morgan,23,22,18.6,-19.13%,-1,-4.4,3,Missed
12/7/2018,Synthorx ,THOR,Jefferies/ Leerink Partners/ Evercore ISI,11,15.4,12.61,14.64%,4.4,1.61,1,Missed
12/11/2018,Schultze Special Purpose Acquisition ,SAMAU,EarlyBirdCapital/ BTIG,10,10,9.95,-0.50%,0,-0.05,1,
12/12/2018,Tencent Music Entertainment Group (TME),TME,Morgan Stanley/ Goldman Sachs (Asia)/ J.P. Morgan/ Deutsche Bank Securities/ BofA Merrill Lynch,13,14.1,14,7.69%,1.1,1,1,Missed
12/13/2018,CF Finance Acquisition ,CFFAU,Cantor,10,10,10,0.00%,0,0,1,
12/14/2018,360 Finance ,QFIN,Citigroup/Haitong International/AMTD,16.5,16.81,16.5,0.00%,0.31,0,1,
12/14/2018,Chardan Healthcare Acquisition ,CHACU,Chardan,10,10,10,0.00%,0,0,1,
12/14/2018,Legacy Housing ,LEGH,B. Riley FBR/ Oak Ridge Financial/ National Securities,12,12.11,12.03,0.25%,0.11,0.03,2,Missed
1/13/2017,Gores Holdings II ,GSHTU,Deutsche Bank Securities,10,10.16,10.25,2.50%,0.16,0.25,1,
1/20/2017,FinTech Acquisition Corp. II,FNTEU,Cantor Fitzgerald & Co.,10,10.1,10.05,0.50%,0.1,0.05,1,
1/20/2017,Keane Group ,FRAC,Citigroup/ Morgan Stanley/ BofA Merrill Lynch/ J.P. Morgan,19,22.18,21.65,13.95%,3.18,2.65,3,
1/26/2017,AnaptysBio ,ANAB,Credit Suisse/ Stifel,15,16,17,13.33%,1,2,2,
1/27/2017,Jounce Therapeutics ,JNCE,J.P. Morgan/ Cowen and Company,16,18,17.25,7.81%,2,1.25,2,
2/1/2017,Invitation Homes ,INVH,Deutsche Bank Securities/ J.P. Morgan/ BofA Merrill Lynch/ Goldman Sachs/ Wells Fargo Securities/ Credit Suisse/ Morgan Stanley/ RBC Capital Market,20,20.15,20,0.00%,0.15,0,1,
2/1/2017,Laureate Education ,LAUR,Credit Suisse/ Morgan Stanley/ Barclays/ Macquarie Capital/ J.P. Morgan/ BMO Capital Markets/ Citigroup/ KKR/ Goldman Sachs,14,12.5,13.25,-5.36%,-1.5,-0.75,1,
2/3/2017,"Kimbell Royalty Partners, LP ",KRP,Raymond James/ RBC Capital Markets/ Stifel,18,18.11,20.64,14.67%,0.11,2.64,1,
2/3/2017,Ramaco Resources ,METC,Credit Suisse/ Jefferies/ BMO Capital Markets,13.5,14.55,13.55,0.37%,1.05,0.05,2,
2/10/2017,Foundation Building Materials ,FBM,Deutsche Bank Securities/ Barclays/ RBC Capital Markets/ Citigroup/ Baird,14,15.8,15.5,10.71%,1.8,1.5,1,
2/10/2017,Sachem Capital ,SACH,Joseph Gunnar,5,4.9,5.04,0.80%,-0.1,0.04,1,
3/1/2017,Hamilton Lane ,HLNE,J.P. Morgan/ Morgan Stanle,16,17.85,18.02,12.63%,1.85,2.02,2,
3/2/2017,Snap ,SNAP,Morgan Stanley/ Goldma Sachs/ J. P. Morgan/ Deutsche Bank Securities,17,23.71,24.48,44.00%,6.71,7.48,3,
3/8/2017,J.JILL ,JILL,BofA Merrill Lynch/Morgan Stanley/ Jefferies,13,12.85,12.65,-2.69%,-0.15,-0.35,1,
3/8/2017,BeyondSpring ,BYSI,Rodman & Renshaw (a Unit of H.C. Wainwright & Co.),20,20,16.8,-16.00%,0,-3.2,N/C,No Call
3/10/2017,Presidio ,PSDO,J.P. Morgan/ Citigroup,14,13.5,14.25,1.79%,-0.5,0.25,2,Missed
3/10/2017,Matlin & Partners Acquisition ,MPACU,Cantor Fitzgerald & Co.,10,10,10.01,0.10%,0,0.01,1,
3/15/2017,Ardagh Group S.A.  ,ARD,"Citigroup/ Deutsche Bank Securities/ Goldman, Sachs/ Barclays/ Credit Suisse/ J.P. Morgan",19,21.96,22.91,20.58%,2.96,3.91,1,Missed
3/16/2017,Canada Goose Holdings ,GOOS,"CIBC Capital Markets/ Credit Suisse/ Goldman, Sachs/ RBC Capital Markets",12.78,18,16.08,25.82%,5.22,3.3,3,
3/17/2017,MuleSoft ,MULE,"Goldman, Sachs/ J.P. Morgan/ BoA Merrill Lynch",17,24.25,24.75,45.59%,7.25,7.75,3,
3/17/2017,ProPetro Holding ,PUMP,Goldman Sachs/ Barclays/ Credit Suisse/ J.P. Morgan,14,15,14.5,3.57%,1,0.5,1,
3/24/2017,Alteryx ,AYX,"Goldman, Sachs/ J.P. Morgan",14,17.25,15.5,10.71%,3.25,1.5,3,
3/24/2017,Silver Run Acquisition Corp II ,SRUNU,Citigroup/ Credit Suisse/ Deutsche Bank Securities,10,10.21,10.36,3.60%,0.21,0.36,1,
3/30/2017,Kayne Anderson Acquisition ,KAACU,Citigroup/ Deutsche Bank Securities/ Credit Suisse,10,10.09,10,0.00%,0.09,0,1,
4/5/2017,Hess Midstream Partners LP,MESM,"Goldman, Sachs/ Morgan Stanley",23,25.5,25.6,11.30%,2.5,2.6,2,
4/6/2017,Schneider National ,SNDR,Morgan Stanley/ UBS Investment Bank/ BofA Merrill Lynch,19,19.5,19,0.00%,0.5,0,2,
4/6/2017,Elevate Credit ,ELVT,UBS Securities/ Jefferies/ Stifel/ William Blair & Company,6.5,7,7.76,19.38%,0.5,1.26,1,
4/7/2017,Forum Merger,FMCIU,EarlyBirdCapital,10,10,10,0.00%,0,0,1,
4/7/2017,Okta,OKTA,"Goldman, Sachs/ J.P. Morgan Securities/ Allen & Company",17,17,23.56,38.59%,0,6.56,3,
4/11/2017,Azul S.A. ,AZUL,Citigroup/ Itaú BBA/ Deutsche Bank Securities,20.06,21.8,21.5,7.18%,1.74,1.44,2,
4/11/2017,Vantage Energy Acquisition ,VEACU,"Citigroup/ Credit Suisse/ Goldman, Sachs",10,10.1,10,0.00%,0.1,0,1,
4/12/2017,Netshoes (Cayman) Ltd. ,NETS,"Goldman, Sachs/ J.P. Morgan/ Bradesco BBI/ Allen & Company/ Jefferies",18,16.32,16.1,-10.56%,-1.68,-1.9,2,Missed
4/13/2017,Cadence Bancorporation ,CADE,"Goldman, Sachs/ J.P. MorganSandle/ O’Neill + Partners/ Keefe, Bruyette & Woods (A Stifel Company)",20,22.08,21.55,7.75%,2.08,1.55,2,
4/13/2017,Tocagen ,TOCA,Leerink Partners/ Evercore ISI/ Stifel,10,10.27,12.45,24.50%,0.27,2.45,2,
4/13/2017,Warrior Met Coal ,HCC,Credit Suisse/ Citigroup/ Morgan Stanley/ BMO Capital Markets/ RBC Capital Markets,19,17.5,18,-5.26%,-1.5,-1,2,Missed
4/13/2017,Yext,YEXT,Morgan Stanley/ J.P. Morgan/ RBC Capital Markets,11,14.03,13.41,21.91%,3.03,2.41,3,
4/21/2017,Select Energy Services ,WTTR,Credit Suisse/ FBR/ Wells Fargo Securities/ BofA Merrill Lynch/ Citigroup/ J.P. Morgan,14,14.9,14.02,0.14%,0.9,0.02,1,
4/27/2017,Floor & Decor Holdings ,FND,BofA Merrill Lynch/ Barclays/ Credit Suisse / UBS Investment Bank,21,30.25,32.05,52.62%,9.25,11.05,3,
4/28/2017,Carvana ,CVNA,Wells Fargo Securities/ BofA Merrill Lynch/ Citigroup/ Deutsche Bank Securities,15,13.71,11.1,-26.00%,-1.29,-3.9,3,Missed
4/28/2017,China Rapid Finance Limited ,XRF,Morgan Stanley/ Credit Suisse/ Jefferies,6,6.67,6.67,11.17%,0.67,0.67,1,
4/28/2017,Cloudera ,CLDR,Morgan Stanley/ J.P. Morga/ Allen & Company,15,17.87,18.1,20.67%,2.87,3.1,3,
4/28/2017,Emerald Expositions Events ,EEX,"BofA Merrill Lynch/ Barclays/ Goldman, Sachs",17,18.73,19.5,14.71%,1.73,2.5,1,Missed
4/28/2017,NCS Multistage Holdings ,NCSM,Credit Suisse/ Citigroup/ Wells Fargo Securities,17,20,19.5,14.71%,3,2.5,1,Missed
4/28/2017,Zymeworks ,ZYME,Citigroup/ Barclays/ Wells Fargo Securities/ Canaccord Genuity,13,13.5,13,0.00%,0.5,0,3,Missed
5/4/2017,Antero Resources Midstream Management ,AMGP,Morgan Stanley/ Barclays/ J.P. Morgan,23.5,22.19,22,-6.38%,-1.31,-1.5,2,
5/4/2017,Biohaven Pharmaceutical Holding ,BHVN,Morgan Stanley/ Piper Jaffray/ Barclays Capital,17,20.24,17.5,2.94%,3.24,0.5,2,
5/4/2017,UroGen Pharma Ltd. ,URGN,Jefferies/ Cowen and Company,13,13.28,13.98,7.54%,0.28,0.98,2,
5/5/2017,KKR Real Estate Finance Trust ,KREF,Wells Fargo Securities/ Morgan Stanley/ KKR,20.5,21.01,22.13,7.95%,0.51,1.63,1,Missed
5/5/2017,Ovid Therapeut ,OVID,Citigroup/ Cowen and Company,15,14,12.25,-18.33%,-1,-2.75,1,
5/5/2017,TPG Pace Energy Holdings ,TPGEU,"Deutsche Bank Securities/ Goldman, Sachs",10,10.1,10.14,1.40%,0.1,0.14,1,
5/9/2017,ENDRA Life Sciences ,NDRAU,Dougherty & Company/Dawson James Securities,5,5.45,5.2,4.00%,0.45,0.2,1,
5/9/2017,Guaranty Bancshares ,GNTY,Sandler O’Neill + Partners/ Stephens,27,30,30.1,11.48%,3,3.1,2,
5/10/2017,Five Point Holdings ,FPH,Citigroup/ J.P. Morgan,14,15.25,15.04,7.43%,1.25,1.04,1,
5/12/2017,A.S.V. ,ASV,Roth Capital Partners,7,7.45,7.85,12.14%,0.45,0.85,1,
5/12/2017,Gardner Denver Holdings ,GDI,"Goldman, Sachs/ Citigroup/ UBS Investment Bank/ KKR/ Simmons & Company International (Energy Specialists of Piper Jaffray)/ Deutsche Bank Securities/ Baird/ Credit Suisse/ Morgan Stanley",20,21.2,21.1,5.50%,1.2,1.1,1,
5/12/2017,Modern Media Acquisition ,MMDMU,Macquarie Capital,10,10.09,10.11,1.10%,0.09,0.11,1,
5/12/2017,National Energy Services Reunited ,NESRU,Maxim Group/ National Bank of Canada Financial,10,10,9.99,-0.10%,0,-0.01,1,
5/12/2017,Solaris Oilfield Infrastructure ,SOI,"Credit Suisse/ Goldman, Sachs",12,12.23,11.55,-3.75%,0.23,-0.45,1,
5/12/2017,Veritone ,VERI,Wunderlich/ Craig-Hallum Capital Group,15,15.64,13.07,-12.87%,0.64,-1.93,2,
5/17/2017,G1 Therapeutics ,GTHX,J.P. Morgan/ Cowen and Company,15,15,15,0.00%,0,0,1,
5/18/2017,Bright Scholar Education Holdings ,BEDU,Morgan Stanley/ Deutsche Bank Securities,10.5,11.05,13.4,27.62%,0.55,2.9,1,
5/24/2017,SMART Global Holdings ,SGH,Barclays/ Deutsche Bank Securities/ Jefferies/ Stifel,11,12,13.45,22.27%,1,2.45,1,
5/25/2017,Appian ,APPN,"Morgan Stanley/ Goldman, Sachs/ Barclays",12,15,15.01,25.08%,3,3.01,2,
5/25/2017,WideOpenWest ,WOW,UBS Investment Bank/ Credit Suisse/ RBC Capital Markets/ SunTrust Robinson Humphrey/ Evercore ISI/ Macquarie Capital,17,16.15,16.5,-2.94%,-0.85,-0.5,1,
6/2/2017,KBL Merger Corp. IV  ,KBLMU,Ladenburg Thalmann,10,10,10,0.00%,0,0,1,
6/7/2017,ShotSpotter,SSTI,Roth Capital Partners/ Northland Capital Markets,11,12.2,14.38,30.73%,1.2,3.38,1,
6/9/2017,Plymouth Industrial  REIT ,PLYM,D.A. Davidson/ BB&T Capital Markets/ Oppenheimer,19,18.31,18.39,-3.21%,-0.69,-0.61,1,
6/14/2017,Athenex ,ATNX,Credit Suisse/ Deutsche Bank Securities/ J.P. Morgan,11,12,12.56,14.18%,1,1.56,2,Missed
6/14/2017,TCG BDC ,CGBD,"BofA Merrill Lynch/ Morgan Stanley/ J.P. Morgan/ Citigroup/ Keefe, Bruyette & Woods (A Stifel Company)/ Wells Fargo Securities",18.5,17.8,18.11,-2.11%,-0.7,-0.39,1,
6/20/2017,Bison Capital Acquisition ,BCACU,EarlyBirdCapital,10,10.1,10.7,7.00%,0.1,0.7,1,
6/20/2017,Constellation Alpha Capital,CNACU,Cowen,10,10,10.01,0.10%,0,0.01,1,
6/22/2017,Altice USA ,ATUS,"J.P. Morgan/ Morgan Stanley/ Citigroup/ Goldman, Sachs/ BofA Merrill Lynch/ Barclays/ BNP PARIBAS/ Deutsche Bank Securities/ RBC Capital Markets",30,31.6,32.71,9.03%,1.6,2.71,2,
6/22/2017,"Safety, Income and Growth ",SAFE,BofA Merrill Lync/ J.P. Morgan/ Barclays/ Citigroup/ Raymond James,20,19,19,-5.00%,-1,-1,1,
6/22/2017,SG Blocks ,SBGX,Joseph Gunnar,5,4.75,4.92,-1.60%,-0.25,-0.08,1,
6/23/2017,Granite Point Mortgage Trust ,GPMT,J.P. Morgan/ Morgan Stanley/ Citigroup,19.5,18.25,19,-2.56%,-1.25,-0.5,1,
6/23/2017,Hennessy Capital Acquisition Corp. III ,HCAC.U,Credit Suisse/ Stifel,10,10.04,10.05,0.50%,0.04,0.05,1,
6/26/2017,Avenue Therapeutics ,ATXI,Oppenheimer,6,7.6,8.25,37.50%,1.6,2.25,1,Missed
6/26/2017,Esquire Financial Holdings ,ESQ,Sandler O’Neill & Partners,14,15.9,15.25,8.93%,1.9,1.25,2,
6/27/2017,Mersana Therapeutics ,MRSN,J.P. Morgan/ Cowen/ Leerink Partners,15,14.25,14,-6.67%,-0.75,-1,3,Missed
6/27/2017,TPG Pace Holdings ,TPGH.U,Deutsche Bank Securities/ Goldman Sachs,10,10.2,10.25,2.50%,0.2,0.25,1,
6/29/2017,Aileron Therapeutics ,ALRN,BofA Merrill Lynch/ Jefferies,15,13.75,10.8,-28.00%,-1.25,-4.2,2,Missed
6/29/2017,Blue Apron Holdings ,APRN,Goldman Sachs/ Morgan Stanley/ Citigroup/ Barclays,10,10,10,0.00%,0,0,1,
6/29/2017,Dova Pharmaceuticals ,DOVA,J.P. Morgan/ Jefferies/ Leerink Partners,17,19.25,19.81,16.53%,2.25,2.81,2,
6/30/2017,Byline Bancorp ,BY,"BofA Merrill Lynch/ Keefe, Bruyette & Woods (A Stifel Company)",19,20.35,20.05,5.53%,1.35,1.05,2,
6/30/2017,Tintri ,TNTR,Morgan Stanley/ BofAMerrill Lynch/ Pacific Crest Securities (a division of KeyBanc Capital Markets),7,7.12,7.27,3.86%,0.12,0.27,1,
7/12/2017,Co-Diagnostics ,CODX,WallachBeth Capital/ Network 1 Securities,6,6,5.81,-3.17%,0,-0.19,1,
7/14/2017,Akcea Therapeutics ,AKCA,Cowen and Company/ Stifel/ Wells Fargo Securities,8,8.13,9.48,18.50%,0.13,1.48,1,
7/19/2017,Federal Street Acquisition ,FSACU,Citigroup/ BofA Merrill Lynch,10,10.06,10.1,1.00%,0.06,0.1,1,
7/20/2017,Calyxt ,CLXT,Citigroup/ Credit Suisse/ Jefferies,8,9.5,11.25,40.63%,1.5,3.25,1,
7/20/2017,Kala Pharmaceuticals ,KALA,J.P. Morgan/ BofA Merrill Lynch ,15,16.7,18.62,24.13%,1.7,3.62,2,
7/20/2017,TPG RE Finance Trust ,TRTX,"BofA Merrill Lynch/ Citigroup/ Goldman, Sachs/ Wells Fargo Securities/ Deutsche Bank Securities/ Morgan Stanley/ Barclays",20,19.58,19.58,-2.10%,-0.42,-0.42,1,
7/21/2017,PetIQ ,PETQ,Jefferies/ William Blair,16,21,23.25,45.31%,5,7.25,1,Missed
7/26/2017,RBB Bancorp ,RBB,"Sandler O’Neill/ Keefe, Bruyette & Woods (A Stifel Company)/ Stephens",23,23.32,23.35,1.52%,0.32,0.35,2,
7/27/2017,Industrea Acquisition ,INDUU,FBR/ B. Riley & Co.,10,10.02,10.02,0.20%,0.02,0.02,1,
7/27/2017,Pensare Acquisition ,WRLSU,EarlyBirdCapital,10,10.05,10.04,0.40%,0.05,0.04,1,
7/27/2017,Sienna Biopharmaceuticals (SNNA),SNNA,J.P. Morgan/ Cowen/ BMO Capital Markets,15,19.05,19.25,28.33%,4.05,4.25,2,
7/28/2017,Newater Technology ,NEWA,ViewTrade Securities,5,7.32,8.93,78.60%,2.32,3.93,N/C,No Call
7/28/2017,Redfin ,RDFN,Goldman Sachs/ Allen & Company/ BofA Merrill Lynch/ RBC Capital Markets,15,19.56,21.7,44.67%,4.56,6.7,3,
8/2/2017,Clementia Pharmaceuticals ,CMTA,Morgan Stanley/ Leerink Partners,15,18.25,16.35,9.00%,3.25,1.35,3,
8/3/2017,Venator Materials PLC ,VNTR,Citigroup/ Goldman Sachs/ BofA Merrill Lynch/ J.P. Morgan ,20,20.89,20.65,3.25%,0.89,0.65,1,
8/9/2017,I-AM Capital Acquisition ,IAMXU,Maxim Group LLC,10,10.05,10.05,0.50%,0.05,0.05,1,
8/11/2017,Ranger Energy Services ,RNGR,Credit Suisse/ Simmons & Company International (Energy Specialists of Piper Jaffray)/ Wells Fargo Securities,14.5,14,14.22,-1.93%,-0.5,-0.28,2,Missed
8/11/2017,YogaWorks ,YOGA,Cowen/ Stephens/ Guggenheim Securities,5.5,5.5,4.85,-11.82%,0,-0.65,2,Missed
8/16/2017,Capitol Investment Corp. IV ,CIC.U,Citigroup/ Deutsche Bank Securities/ J.P. Morgan,10,10.1,10.02,0.20%,0.1,0.02,1,
8/17/2017,Atlantic Acquisition,ATACU,EarlyBirdCapital/ I-Bankers,10,10.05,10.06,0.60%,0.05,0.06,1,
9/14/2017,Social Capital Hedosophia Holdings ,IPOA.U,Credit Suisse,10,10.2,10.31,3.10%,0.2,0.31,1,
9/14/2017,Tremont Mortgage Trust (TRMT),TRMT,UBS Investment Bank/ Citigroup/ RBC Capital Markets,20,17.75,17.29,-13.55%,-2.25,-2.71,1,
9/15/2017,Draper Oakwood Technology Acquisition ,DOTAU,EarlyBirdCapital,10,10.07,10.16,1.60%,0.07,0.16,1,
9/20/2017,BEST Inc. ,BSTI,Citigroup/ Credit Suisse/ Goldman Sachs/ J.P. Morgan/ Deutsche Bank,10,11.48,10.52,5.20%,1.48,0.52,1,
9/20/2017,Celcuity ,CELC,Craig-Hallum Capital Group,9.5,12.35,14.29,50.42%,2.85,4.79,1,Missed
9/20/2017,Despegar.com ,DESP,Morgan Stanley/ Citigroup,26,29,31.78,22.23%,3,5.78,2,
9/20/2017,Krystal Biotech ,KRYS,Ladenburg Thalmann,10,10.5,10.64,6.40%,0.5,0.64,1,
9/20/2017,Zai Lab,ZLAB,J.P. Morgan/ Citigroup/ Leerink Partners,18,24,27.93,55.17%,6,9.93,2,
9/21/2017,Oasis Midstream Partners LP ,OMP,Morgan Stanley/ Citigroup/ Wells Fargo Securities,17,16.75,16.75,-1.47%,-0.25,-0.25,1,
9/21/2017,TDH Holdings ,PETZ,ViewTrade Securities,4.25,6.75,6.41,50.82%,2.5,2.16,N/C,No Call
9/22/2017,Secoo Holding Limited ,SECO,Jefferies,13,12.1,10,-23.08%,-0.9,-3,1,
9/27/2017,RYB Education ,RYB,Credit Suisse/ Morgan Stanley,18.5,24.12,25.9,40.00%,5.62,7.4,2,
2/28/2017,Deciphera Pharmaceuticals ,DCPH,J.P. Morgan/ Piper Jaffray,17,20.05,17.65,3.82%,3.05,0.65,2,
9/28/2017,Nightstar Therapeutics ,NITE,Jefferies/ Leerink Partners/ BMO Capital Markets,14,17.25,24,71.43%,3.25,10,1,
9/28/2017,NuCana plc ,NCNA,Citigroup/ Jefferies/ Cowen,15,15.5,16.15,7.67%,0.5,1.15,1,
9/28/2017,Roku ,ROKU,Morgan Stanley/ Citigroup,14,15.78,23.5,67.86%,1.78,9.5,2,
9/29/2017,PQ Group ,PGQ,Morgan Stanley/ Goldman Sachs/ Citigroup/ Credit Suisse,17.5,17,17.25,-1.43%,-0.5,-0.25,1,
10/5/2017,Black Ridge Acquisition ,BRACU,EarlyBirdCapital,10,10.09,10.15,1.50%,0.09,0.15,1,
10/5/2017,Rhythm Pharmaceuticals ,RYTH,Morgan Stanley/ BofA Merrill Lynch/ Cowen,17,23.21,30,76.47%,6.21,13,3,
10/6/2017,Switch ,SWCH,Goldman Sachs/ J.P. Morgan/ BMO Capital Markets/ Wells Fargo Securities,17,21.7,20.84,22.59%,4.7,3.84,3,
10/12/2017,CarGurus ,CARG,Goldman Sachs/ Allen & Company/ RBC Capital Markets,16,29,27.58,72.38%,13,11.58,3,
10/12/2017,OrthoPediatrics  ,KIDS,Piper Jaffray/ Stifel,13,18,19.72,51.69%,5,6.72,2,
10/12/2017,Restoration Robotics ,HAIR,National Securities Corporation,7,8.85,9.92,41.71%,1.85,2.92,1,Missed
10/13/2017,OptiNose,OPTN,Jefferies/ Piper Jaffray/ BMO Capital Markets/ RBC Capital Markets,16,20,19,18.75%,4,3,2,
10/18/2017,Qudian ,QD,Morgan Stanley/ Credit Suisse/ Citigroup/CICc/ UBS Securities,24,34.5,29.18,21.58%,10.5,5.18,3,
10/19/2017,MongoDB ,MDB,Morgan Stanley/ Goldman Sachs/ Barclays/ Allen & Company,24,33,32.07,33.63%,9,8.07,3,
10/19/2017,Mosaic Acquisition ,MOSC.U,Deutsche Bank Securities/ RBC Capital Markets/ J.P. Morgan,10,10.2,10.15,1.50%,0.2,0.15,1,
10/20/2017,Sea Limited ,SE,Goldman Sachs (Asia)/ Morgan Stanley/ Credit Suisse,15,16.25,16.26,8.40%,1.25,1.26,3,
10/20/2017,RISE Education Cayman ,REDU,Morgan Stanley/ Credit Suisse,14.5,16,16.61,14.55%,1.5,2.11,3,
10/25/2017,Haymaker Acquisition ,HYACU,Cantor Fitzgerald,10,10.07,10.01,0.10%,0.07,0.01,1,
10/26/2017,BP Midstream Partners LP ,BPMP,Citigroup/ Goldman Sachs/ Morgan Stanley/ Barclays/ Credit Suisse/ J.P. Morgan/ UBS Investment Bank,18,16.85,17.25,-4.17%,-1.15,-0.75,1,
10/26/2017,CM Seven Star Acquisition ,CMSSU,EarlyBirdCapital,10,10.01,10.01,0.10%,0.01,0.01,1,
10/26/2017,National Vision Holdings ,EYE,BofA Merrill Lynch/ Goldman Sachs/ Citigroup/ KKR/ Morgan Stanley/ Jefferies/ UBS Investment Bank/ Wells Fargo Securities,22,28.75,27.83,26.50%,6.75,5.83,3,
10/27/2017,Merchants Bancorp ,MBIN,Sandler O'Neill + Partners/ Stephens/ Raymond James,16,17,16.8,5.00%,1,0.8,2,
10/27/2017,Nexa Resources S.A. ,NEXA,J.P. Morgan/ BMO Capital Markets/ Morgan Stanley/ Credit Suisse,16,16.5,17.4,8.75%,0.5,1.4,1,
10/27/2017,ForeScout Technologies ,FSCT,Morgan Stanley/ J.P. Morgan/ Citigroup,22,26.25,25.5,15.91%,4.25,3.5,3,
11/1/2017,Altair Engineering ,ALTR,J.P. Morgan/ RBC Capital Markets/ Deutsche Bank Securities,13,17,18.31,40.85%,4,5.31,3,
11/1/2017,Loma Negra ,LOMA,BofA Merrill Lynch/ Bradesco BBI/ Citigroup/ HSBC/ Itaú BBA/ Morgan Stanley,19,21.65,21.35,12.37%,2.65,2.35,2,
11/2/2017,Allena Pharmaceuticals ,ALNA,Credit Suisse/ Jefferies/ Cowen,14,12,9.98,-28.71%,-2,-4.02,1,
11/2/2017,Evoqua Water Technologies ,AQUA,Credit Suisse/ J.P. Morgan/ RBC Capital Markets,18,19.1,20.88,16.00%,1.1,2.88,2,
11/2/2017,Funko ,FNKO,Goldman Sachs/ J.P. Morgan/ BofA Merrill Lynch,12,8,7.07,-41.08%,-4,-4.93,2,Missed
11/2/2017,Spero Therapeutics ,SPRO,BofA Merrill Lynch/ Cowen/ Stifel,14,13.25,11.5,-17.86%,-0.75,-2.5,2,Missed
11/3/2017,ACM Research ,ACMR,Roth Capital Partners,5.6,8.17,6.05,8.04%,2.57,0.45,1,
11/3/2017,Aquantia ,AQ,Morgan Stanley/ Barclays/ Deutsche Bank Securities,9,9.31,9.51,5.67%,0.31,0.51,1,
11/3/2017,Sentinel Energy Services ,STNLU,Citigroup/ Goldman Sachs/ Credit Suisse,10,10.14,10.05,0.50%,0.14,0.05,1,
11/8/2017,CBTX ,CBTX,"Stephens/Keefe, Bruyette",26,28,28.71,10.42%,2,2.71,2,
11/8/2017,Fireman B.V. ,IFRX,J.P. Morgan/ Leerink Partners/ BMO Capital Markets,15,15.19,14.99,-0.07%,0.19,-0.01,1,
11/8/2017,Four Seasons Education ,FEDU,Morgan Stanley/ Citigroup/ China Renaissance,10,10.2,9.5,-5.00%,0.2,-0.5,1,
11/8/2017,Metropolitan Bank Holding ,MCB,"J.P Morgan/ Keefe, Bruyette & Woods (A Stifel Company)",35,38.44,37.21,6.31%,3.44,2.21,2,
11/9/2017,Apellis Pharmaceuticals ,APLS,Citigroup/ J.P. Morgan/ Evercore ISI,14,14.5,14.03,0.21%,0.5,0.03,1,
11/9/2017,Sogou ,SOGO,J.P. Morgan/ Credit Suisse/ Goldman Sachs/ CICC,13,13,13.5,3.85%,0,0.5,3,Missed
11/10/2017,Bandwidth ,BAND,Morgan Stanley/ KeyBanc Capital Markets/ Baird,20,21.06,21.19,5.95%,1.06,1.19,2,
11/10/2017,PPDAI Group ,PPDF,Credit Suisse/ Citigroup,13,13.3,13.08,0.62%,0.3,0.08,1,
11/15/2017,SendGrid ,SEND,Morgan Stanley/ J.P. Morgan,16,18.55,18,12.50%,2.55,2,3,
11/16/2017,Arsanis ,ASNS,Citigroup/ Cowen/ Piper Jaffray,10,13,14.03,40.30%,3,4.03,1,
11/16/2017,Jianpu Technology ,JT,Goldman Sachs (Asia)/ Morgan Stanley/ J.P. Morgan,8,8.25,8.4,5.00%,0.25,0.4,1,
11/17/2017,Bluegreen Vacations ,BXG,Stifel/ Credit Suisse,14,12.55,13,-7.14%,-1.45,-1,1,
11/17/2017,Legacy Acquisition ,LGCU,Wells Fargo Securities/ Cantor Fitzgerald/ Stifel,10,10,10,0.00%,0,0,1,
11/17/2017,SailPoint Technologies Holdings ,SAIL,Morgan Stanley/ Citigroup/ Jefferies/ RBC Capital Markets,12,14.9,13,8.33%,2.9,1,3,
11/17/2017,scPharmaceuticals ,SCPH,Jefferies/ Leerink Partners/ BMO Capital Markets,14,14.25,14.1,0.71%,0.25,0.1,1,
11/17/2017,Stitch Fix ,SFIX,Goldman Sachs/ J.P. Morgan Securities,15,16.9,15.15,1.00%,1.9,0.15,1,
11/17/2017,Sterling Bancorp ,SBT,Sandler O'Neill & Partners,12,12.35,12.16,1.33%,0.35,0.16,2,
11/20/2017,Big Rock Partners Acquisition ,BRPAU,EarlyBirdCapital,10,10.01,10.01,0.10%,0.01,0.01,1,
11/29/2017,ReTo Eco-Solutions ,RETO,ViewTrade Securities,5,8.3,10.57,111.40%,3.3,5.57,N/C,No Call
12/1/2017,Leisure Acquisition,LACQU,Morgan Stanley,10,10,9.96,-0.40%,0,-0.04,1,
12/1/2017,Regalwood Global Energy ,RWGE.U,Citigroup/ J.P. Morgan,10,10.01,10,0.00%,0.01,0,1,
12/7/2017,CURO Group Holdings ,CURO,Credit Suisse/ Jefferies/ Stephens,14,14.8,14.2,1.43%,0.8,0.2,1,
12/7/2017,Odonate Therapeutics ,ODT,Goldman Sachs/ Jefferies,24,23,23,-4.17%,-1,-1,1,
12/7/2017,Quanterix ,QTRX,J.P. Morgan/Leerink Partners,15,16.25,17.47,16.47%,1.25,2.47,1,Missed
12/8/2017,Denali Therapeutics ,DNLI,Goldman Sachs/ Morgan Stanley/ J.P. Morgan,18,21.55,21.45,19.17%,3.55,3.45,2,
12/8/2017,GigCapital ,GIG.U,Cowen/ Chardan,10,10,10,0.00%,0,0,1,
12/8/2017,Luther Burbank ,LBC,"Keefe, Bruyette & Woods (A Stifel Company) Sandler O'Neill + Partners",10.75,11.75,11.75,9.30%,1,1,2,
12/15/2017,Casa Systems ,CASA,Morgan Stanley/ Barclays,13,13.5,14.4,10.77%,0.5,1.4,1,
12/15/2017,Newmark Group ,NMRK,Goldman Sachs/ BofA Merrill Lynch/ Citigroup/ Cantor Fitzgerald,14,14.05,13.95,-0.36%,0.05,-0.05,1,
12/21/2017,LexinFintech Holdings Ltd. ,LX,Goldman Sachs (Asia)/ BofA Merrill Lynch/ Deutsche Bank Securities/ China Renaissance,9,11.8,10.7,18.89%,2.8,1.7,1,Missed
12/22/2017,iClick Interactive Asia Group ,ICLK,Roth,8,8.5,9,12.50%,0.5,1,1,
